"ADD,1,BUY,4456424,251.70"
"ADD,2,SELL,9487878,271.85"
"ADD,3,BUY,26833684,282.50"
"ADD,4,BUY,15682286,294.35"
"ADD,5,BUY,19870977,314.55"
"CANCEL,2"
"ADD,6,BUY,12544322,288.50"
"ADD,7,BUY,12109507,301.70"
"CANCEL,6"
"ADD,8,BUY,13460592,316.30"
"ADD,9,SELL,10729180,308.75"
"ADD,10,BUY,10083321,314.20"
"ADD,11,SELL,11481392,319.60"
"CANCEL,5"
"ADD,12,SELL,17137072,326.35"
"ADD,13,BUY,13163301,326.15"
"ADD,14,SELL,9752949,319.95"
"ADD,15,SELL,15014556,334.95"
"ADD,16,BUY,11734252,338.35"
"ADD,17,BUY,10191331,328.15"
"ADD,18,SELL,10707804,334.05"
"ADD,19,SELL,9950848,340.15"
"ADD,20,SELL,6771527,341.65"
"ADD,21,SELL,7106910,344.15"
"ADD,22,BUY,8193641,343.60"
"CANCEL,16"
"ADD,23,BUY,11436821,350.40"
"ADD,24,SELL,10792579,355.75"
"ADD,25,BUY,8155627,363.30"
"ADD,26,BUY,5127399,352.10"
"CANCEL,26"
"ADD,27,SELL,7876392,348.15"
"ADD,28,SELL,7670820,354.55"
"CANCEL,19"
"ADD,29,SELL,2944404,345.65"
"ADD,30,BUY,7192242,334.35"
"ADD,31,BUY,4831725,329.80"
"ADD,32,BUY,5663873,336.75"
"CANCEL,10"
"ADD,33,BUY,5026004,333.10"
"ADD,34,BUY,9970107,310.85"
"CANCEL,3"
"ADD,35,BUY,12536245,291.75"
"ADD,36,SELL,4636776,268.45"
"ADD,37,BUY,10430713,253.95"
"ADD,38,BUY,9560450,242.30"
"ADD,39,SELL,7256376,232.95"
"ADD,40,SELL,5545792,231.30"
"ADD,41,SELL,6597169,216.85"
"ADD,42,BUY,10765401,203.20"
"ADD,43,BUY,10106318,219.20"
"ADD,44,BUY,5711222,236.75"
"CANCEL,8"
"ADD,45,BUY,6838036,237.90"
"ADD,46,SELL,4931613,243.40"
"ADD,47,BUY,4286132,240.95"
"ADD,48,BUY,2637850,240.60"
"ADD,49,SELL,4141666,259.85"
"ADD,50,SELL,7026761,280.65"
"ADD,51,BUY,10277833,271.30"
"ADD,52,BUY,17168324,293.00"
"ADD,53,BUY,19704184,316.45"
"ADD,54,SELL,21353020,328.60"
"ADD,55,BUY,13530488,302.35"
"ADD,56,SELL,25186375,302.25"
"ADD,57,BUY,16239068,326.15"
"ADD,58,SELL,11686144,352.25"
"ADD,59,BUY,22110719,364.55"
"ADD,60,BUY,9759550,353.75"
"ADD,61,BUY,17263869,337.95"
"ADD,62,SELL,225213,310.95"
"ADD,63,SELL,15931668,298.40"
"CANCEL,42"
"CANCEL,46"
"ADD,64,BUY,19387991,337.75"
"ADD,65,SELL,17618258,336.95"
"ADD,66,BUY,15809540,332.05"
"ADD,67,SELL,16998445,357.95"
"ADD,68,SELL,29547592,345.65"
"ADD,69,BUY,13426369,345.05"
"CANCEL,20"
"ADD,70,SELL,13760253,328.00"
"ADD,71,SELL,11327281,337.20"
"ADD,72,BUY,11144621,335.35"
"ADD,73,BUY,5891336,324.00"
"CANCEL,59"
"CANCEL,36"
"CANCEL,21"
"ADD,74,BUY,4135346,315.90"
"CANCEL,70"
"CANCEL,45"
"ADD,75,BUY,7802567,318.85"
"ADD,76,SELL,5382755,310.10"
"ADD,77,BUY,7967132,315.60"
"ADD,78,BUY,3117749,312.45"
"ADD,79,SELL,4169391,314.75"
"ADD,80,SELL,4041968,312.75"
"ADD,81,BUY,2617268,312.80"
"ADD,82,SELL,3504803,316.45"
"ADD,83,SELL,11805354,339.45"
"ADD,84,BUY,5690548,343.80"
"ADD,85,BUY,8452065,343.90"
"ADD,86,BUY,5381385,339.20"
"ADD,87,BUY,5846405,337.45"
"CANCEL,75"
"ADD,88,BUY,3919322,338.80"
"ADD,89,SELL,3752088,337.95"
"ADD,90,BUY,4600458,340.85"
"ADD,91,BUY,12293372,341.20"
"ADD,92,BUY,4122051,339.40"
"ADD,93,BUY,6836937,338.50"
"CANCEL,77"
"ADD,94,SELL,6077043,331.45"
"ADD,95,SELL,4558790,332.25"
"CANCEL,95"
"CANCEL,14"
"CANCEL,64"
"ADD,96,BUY,19142742,345.00"
"ADD,97,BUY,15997583,337.75"
"CANCEL,66"
"ADD,98,BUY,7636206,334.50"
"ADD,99,BUY,1744726,333.75"
"ADD,100,SELL,7618018,342.25"
"ADD,101,SELL,6345573,340.80"
"ADD,102,BUY,9853239,348.15"
"ADD,103,BUY,5380769,345.40"
"CANCEL,40"
"ADD,104,SELL,14329060,362.35"
"ADD,105,SELL,7969212,361.20"
"ADD,106,SELL,9419083,368.50"
"CANCEL,32"
"ADD,107,SELL,5052490,370.05"
"ADD,108,SELL,5945560,365.75"
"ADD,109,BUY,6403575,361.20"
"ADD,110,BUY,6151343,363.30"
"CANCEL,83"
"ADD,111,SELL,4178056,354.10"
"ADD,112,SELL,8901351,357.60"
"CANCEL,96"
"CANCEL,44"
"ADD,113,SELL,6604953,333.90"
"ADD,114,SELL,3880880,325.60"
"ADD,115,SELL,8614501,344.05"
"ADD,116,SELL,5985200,340.45"
"CANCEL,90"
"ADD,117,BUY,3732876,338.50"
"ADD,118,SELL,1456348,339.00"
"ADD,119,SELL,3333675,337.65"
"ADD,120,SELL,3271743,330.10"
"ADD,121,SELL,2471284,330.25"
"CANCEL,60"
"ADD,122,SELL,2395016,333.70"
"CANCEL,29"
"ADD,123,BUY,1951207,329.25"
"CANCEL,4"
"ADD,124,SELL,4819689,337.40"
"ADD,125,SELL,6151601,337.75"
"ADD,126,BUY,1834008,336.95"
"ADD,127,SELL,1448300,336.50"
"CANCEL,28"
"ADD,128,SELL,5423766,339.55"
"ADD,129,BUY,3300159,335.60"
"ADD,130,BUY,1655254,333.60"
"ADD,131,BUY,1190817,332.20"
"ADD,132,SELL,2165046,330.40"
"ADD,133,SELL,3066115,336.90"
"ADD,134,BUY,2740898,336.55"
"ADD,135,SELL,7875701,353.90"
"CANCEL,43"
"ADD,136,SELL,9780431,363.60"
"ADD,137,SELL,7549126,361.85"
"ADD,138,BUY,5956473,370.90"
"ADD,139,SELL,7055315,383.15"
"ADD,140,BUY,4331376,383.45"
"ADD,141,SELL,5918549,375.50"
"ADD,142,BUY,4199710,375.70"
"ADD,143,BUY,3798828,365.95"
"CANCEL,57"
"ADD,144,SELL,4866225,337.60"
"ADD,145,BUY,3828743,347.50"
"CANCEL,34"
"ADD,146,BUY,4212265,338.35"
"ADD,147,BUY,3466621,341.95"
"ADD,148,BUY,2857067,341.30"
"ADD,149,BUY,6614226,351.90"
"ADD,150,SELL,4924399,345.60"
"ADD,151,SELL,2713333,342.50"
"ADD,152,SELL,2996291,343.15"
"ADD,153,BUY,1814978,346.65"
"ADD,154,SELL,1717130,340.15"
"ADD,155,BUY,2084877,340.40"
"ADD,156,BUY,2465985,340.45"
"ADD,157,SELL,2142703,335.20"
"CANCEL,155"
"ADD,158,SELL,4932887,327.35"
"ADD,159,SELL,3820168,318.30"
"ADD,160,BUY,4859355,310.30"
"ADD,161,SELL,5873954,301.95"
"ADD,162,SELL,2711227,298.35"
"ADD,163,BUY,5017513,303.15"
"ADD,164,SELL,6294894,298.10"
"ADD,165,BUY,3537551,285.85"
"ADD,166,SELL,4991911,292.70"
"ADD,167,SELL,5484325,305.05"
"CANCEL,41"
"ADD,168,SELL,3479544,302.95"
"ADD,169,SELL,2922970,301.00"
"ADD,170,BUY,3035468,302.15"
"ADD,171,SELL,5175535,308.55"
"ADD,172,SELL,5345328,315.70"
"CANCEL,49"
"ADD,173,BUY,3987985,312.70"
"ADD,174,SELL,2597494,313.20"
"ADD,175,SELL,5620668,318.45"
"ADD,176,SELL,3806455,319.15"
"CANCEL,130"
"ADD,177,SELL,2333597,302.40"
"ADD,178,SELL,3676980,311.05"
"CANCEL,107"
"ADD,179,SELL,3259405,311.65"
"ADD,180,BUY,3391993,310.85"
"ADD,181,BUY,1679820,310.20"
"ADD,182,SELL,3751462,309.10"
"ADD,183,BUY,1146693,308.15"
"ADD,184,SELL,2550499,311.15"
"ADD,185,SELL,3370644,313.35"
"ADD,186,BUY,3079656,318.70"
"CANCEL,37"
"CANCEL,124"
"ADD,187,BUY,3132332,328.15"
"CANCEL,117"
"ADD,188,BUY,4911907,332.60"
"CANCEL,35"
"ADD,189,BUY,3121812,337.25"
"ADD,190,SELL,2179581,337.55"
"ADD,191,SELL,4262617,339.40"
"ADD,192,BUY,6063721,345.95"
"ADD,193,BUY,2380095,344.30"
"ADD,194,BUY,4074879,347.40"
"ADD,195,SELL,6316696,346.30"
"CANCEL,89"
"ADD,196,BUY,3808996,341.30"
"ADD,197,BUY,3520914,339.40"
"ADD,198,BUY,2094053,341.85"
"ADD,199,BUY,4246752,342.30"
"ADD,200,BUY,3558819,338.20"
"ADD,201,SELL,3814774,328.00"
"ADD,202,BUY,4007710,333.05"
"ADD,203,SELL,4042545,338.80"
"ADD,204,BUY,2686465,338.95"
"ADD,205,BUY,3008237,341.75"
"ADD,206,BUY,6623970,354.30"
"ADD,207,SELL,8844088,360.05"
"ADD,208,SELL,5982701,357.80"
"ADD,209,BUY,7460148,364.30"
"ADD,210,SELL,6842731,360.20"
"ADD,211,BUY,4513682,357.95"
"ADD,212,BUY,4730779,351.70"
"CANCEL,69"
"ADD,213,SELL,2402573,354.55"
"ADD,214,BUY,1977779,355.55"
"ADD,215,SELL,10397087,368.40"
"ADD,216,SELL,4164213,362.05"
"CANCEL,122"
"ADD,217,BUY,6563871,369.10"
"ADD,218,SELL,7587620,374.50"
"ADD,219,SELL,8274005,381.65"
"ADD,220,BUY,5461105,380.35"
"ADD,221,BUY,4489764,381.70"
"ADD,222,SELL,5074253,377.65"
"ADD,223,BUY,10513293,389.65"
"CANCEL,207"
"ADD,224,SELL,12741600,386.15"
"ADD,225,BUY,10129102,394.50"
"CANCEL,82"
"CANCEL,190"
"ADD,226,BUY,3637077,393.45"
"ADD,227,SELL,4783393,395.95"
"ADD,228,BUY,6970040,398.90"
"ADD,229,SELL,6589212,400.55"
"CANCEL,93"
"CANCEL,138"
"ADD,230,SELL,14706855,422.70"
"ADD,231,SELL,12684331,422.45"
"ADD,232,BUY,6365686,425.35"
"ADD,233,BUY,7155885,422.80"
"ADD,234,SELL,7890074,414.10"
"ADD,235,SELL,7787291,414.65"
"ADD,236,SELL,7727518,411.30"
"ADD,237,SELL,6221601,406.25"
"ADD,238,BUY,5610643,402.10"
"ADD,239,BUY,11049522,414.10"
"CANCEL,108"
"ADD,240,SELL,13416273,419.10"
"ADD,241,BUY,9439887,408.65"
"ADD,242,SELL,7545003,412.00"
"ADD,243,SELL,4430539,413.40"
"CANCEL,218"
"ADD,244,SELL,3671174,408.00"
"ADD,245,SELL,5264998,388.10"
"CANCEL,172"
"ADD,246,BUY,2484258,397.25"
"ADD,247,SELL,3203308,384.00"
"ADD,248,SELL,2258808,382.50"
"ADD,249,BUY,1821965,373.35"
"ADD,250,BUY,3322003,401.30"
"ADD,251,BUY,2868227,393.40"
"ADD,252,SELL,3543428,379.55"
"ADD,253,SELL,1771673,384.20"
"CANCEL,226"
"CANCEL,113"
"ADD,254,BUY,3813078,396.45"
"ADD,255,BUY,2456373,389.55"
"ADD,256,BUY,2789829,391.05"
"ADD,257,SELL,1537797,390.85"
"ADD,258,BUY,1451637,383.10"
"ADD,259,SELL,1167280,382.75"
"ADD,260,SELL,4892591,357.25"
"ADD,261,SELL,3654586,328.60"
"ADD,262,SELL,5682346,324.25"
"ADD,263,BUY,6499976,297.35"
"ADD,264,BUY,4508901,308.15"
"ADD,265,BUY,3952056,315.20"
"ADD,266,SELL,6574312,327.20"
"ADD,267,SELL,10637686,369.75"
"ADD,268,SELL,5761492,358.85"
"ADD,269,SELL,3256283,354.10"
"ADD,270,BUY,2665902,349.45"
"ADD,271,SELL,4960851,358.65"
"ADD,272,SELL,5102487,354.85"
"ADD,273,SELL,5167914,345.35"
"CANCEL,212"
"ADD,274,SELL,2262729,342.30"
"ADD,275,SELL,2340189,343.95"
"ADD,276,SELL,1256387,343.70"
"CANCEL,140"
"ADD,277,SELL,2199889,346.10"
"CANCEL,236"
"ADD,278,SELL,2180184,355.15"
"ADD,279,SELL,2230650,355.35"
"ADD,280,BUY,1776515,359.80"
"CANCEL,273"
"ADD,281,BUY,3317202,366.95"
"ADD,282,SELL,5799635,382.55"
"CANCEL,161"
"ADD,283,SELL,2904191,376.65"
"ADD,284,BUY,2107258,377.45"
"ADD,285,BUY,1885691,381.05"
"CANCEL,274"
"CANCEL,38"
"ADD,286,SELL,2605823,398.80"
"CANCEL,85"
"CANCEL,58"
"CANCEL,116"
"ADD,287,BUY,3076039,380.25"
"ADD,288,BUY,2222897,374.75"
"ADD,289,SELL,2025266,372.95"
"ADD,290,BUY,2829453,365.55"
"ADD,291,SELL,3763376,364.20"
"CANCEL,39"
"CANCEL,256"
"ADD,292,SELL,1379191,370.05"
"ADD,293,BUY,2297910,375.40"
"ADD,294,SELL,4651293,363.90"
"ADD,295,BUY,3391469,357.60"
"ADD,296,SELL,3960505,340.60"
"ADD,297,SELL,2608036,346.85"
"ADD,298,BUY,1863287,344.85"
"ADD,299,SELL,3372739,341.10"
"ADD,300,BUY,2226943,342.40"
"ADD,301,SELL,1765526,341.45"
"ADD,302,SELL,2028177,346.80"
"ADD,303,BUY,3165398,358.10"
"ADD,304,SELL,2752289,362.30"
"ADD,305,BUY,1923989,368.50"
"ADD,306,SELL,1007720,358.65"
"ADD,307,SELL,4698452,329.40"
"ADD,308,SELL,2820881,326.20"
"ADD,309,BUY,2005530,331.75"
"ADD,310,BUY,1224736,325.70"
"ADD,311,SELL,2564180,327.20"
"ADD,312,SELL,1783315,333.70"
"ADD,313,BUY,1143594,336.60"
"ADD,314,BUY,1247953,340.20"
"ADD,315,SELL,2040818,344.00"
"ADD,316,SELL,1533243,332.00"
"ADD,317,SELL,1155950,333.00"
"ADD,318,SELL,1483925,326.75"
"ADD,319,SELL,1207297,324.10"
"CANCEL,279"
"ADD,320,BUY,139127,313.00"
"ADD,321,BUY,992324,314.35"
"ADD,322,SELL,1224927,310.70"
"ADD,323,BUY,2175744,304.85"
"CANCEL,72"
"CANCEL,264"
"ADD,324,SELL,3962478,318.85"
"ADD,325,SELL,1875223,315.50"
"ADD,326,SELL,1627268,317.80"
"ADD,327,SELL,3430847,317.20"
"ADD,328,SELL,1825026,323.20"
"ADD,329,BUY,2348302,329.15"
"ADD,330,SELL,1784988,328.45"
"ADD,331,BUY,2330234,335.80"
"ADD,332,BUY,2537055,339.80"
"ADD,333,BUY,1985420,326.55"
"ADD,334,SELL,2950685,321.05"
"ADD,335,SELL,2878695,326.90"
"ADD,336,SELL,2705062,317.55"
"ADD,337,SELL,1979019,317.85"
"CANCEL,180"
"ADD,338,SELL,1741427,317.00"
"ADD,339,SELL,1494388,315.15"
"ADD,340,BUY,1311019,315.30"
"ADD,341,SELL,1031974,312.85"
"ADD,342,BUY,3467938,318.40"
"CANCEL,216"
"ADD,343,SELL,2813082,311.15"
"CANCEL,197"
"ADD,344,BUY,1597075,314.35"
"ADD,345,SELL,842904,311.15"
"ADD,346,BUY,1211579,311.60"
"ADD,347,SELL,1461504,307.70"
"CANCEL,165"
"ADD,348,BUY,1047783,305.05"
"ADD,349,BUY,2483919,297.90"
"ADD,350,SELL,1442511,290.30"
"ADD,351,BUY,2255672,261.30"
"ADD,352,BUY,7144868,262.65"
"ADD,353,SELL,6214991,253.15"
"CANCEL,162"
"CANCEL,114"
"ADD,354,SELL,5247232,216.65"
"ADD,355,SELL,7276553,221.15"
"CANCEL,91"
"ADD,356,SELL,6554659,227.15"
"ADD,357,BUY,9596340,241.70"
"ADD,358,BUY,10410047,264.60"
"ADD,359,BUY,14585462,259.55"
"ADD,360,BUY,7136734,246.60"
"CANCEL,215"
"ADD,361,SELL,5101125,250.65"
"ADD,362,BUY,7420721,252.35"
"ADD,363,SELL,7396572,253.10"
"ADD,364,SELL,6465289,258.15"
"ADD,365,SELL,5676629,265.40"
"ADD,366,BUY,6271626,267.05"
"ADD,367,BUY,4737266,273.60"
"ADD,368,BUY,3240179,273.60"
"ADD,369,SELL,4263961,284.55"
"ADD,370,SELL,3020937,275.95"
"CANCEL,63"
"ADD,371,BUY,3013785,272.80"
"ADD,372,BUY,1895548,274.90"
"ADD,373,BUY,3420857,265.95"
"ADD,374,BUY,1980720,263.90"
"ADD,375,SELL,2178728,260.45"
"ADD,376,SELL,2477835,252.55"
"ADD,377,BUY,7666865,254.40"
"ADD,378,BUY,3906455,260.70"
"ADD,379,SELL,3162238,262.95"
"ADD,380,BUY,2452036,261.50"
"ADD,381,BUY,2407302,262.50"
"ADD,382,SELL,1591291,259.10"
"ADD,383,BUY,2968794,260.70"
"ADD,384,SELL,2471591,264.05"
"ADD,385,BUY,1982073,266.20"
"CANCEL,219"
"ADD,386,SELL,880830,273.20"
"ADD,387,SELL,2236477,278.05"
"ADD,388,BUY,5072690,305.25"
"ADD,389,SELL,3166328,291.05"
"ADD,390,BUY,2899237,294.40"
"CANCEL,171"
"ADD,391,BUY,2574077,291.90"
"CANCEL,298"
"ADD,392,SELL,1982779,293.20"
"ADD,393,SELL,2312724,290.55"
"CANCEL,252"
"ADD,394,BUY,1912965,290.45"
"ADD,395,SELL,2459911,298.50"
"ADD,396,BUY,3263776,313.30"
"ADD,397,SELL,3474221,309.95"
"ADD,398,SELL,2170654,312.00"
"ADD,399,BUY,1468582,315.05"
"ADD,400,BUY,1647077,310.45"
"ADD,401,SELL,1824971,311.00"
"CANCEL,290"
"ADD,402,SELL,1338554,310.30"
"ADD,403,BUY,1545851,309.15"
"ADD,404,SELL,2548940,308.70"
"CANCEL,347"
"CANCEL,317"
"ADD,405,SELL,990393,310.70"
"ADD,406,SELL,665579,306.80"
"ADD,407,BUY,2556014,302.25"
"ADD,408,BUY,2118135,301.90"
"CANCEL,288"
"ADD,409,SELL,688738,305.00"
"CANCEL,208"
"CANCEL,233"
"CANCEL,382"
"ADD,410,SELL,3036656,320.00"
"ADD,411,BUY,1644880,317.85"
"ADD,412,BUY,6239242,328.35"
"ADD,413,SELL,2451508,324.65"
"ADD,414,BUY,3018935,326.80"
"ADD,415,SELL,4686848,325.70"
"ADD,416,SELL,1655750,322.75"
"ADD,417,BUY,1298119,320.25"
"ADD,418,SELL,1953116,318.70"
"ADD,419,SELL,2320552,311.60"
"CANCEL,405"
"ADD,420,BUY,1959952,312.60"
"ADD,421,BUY,1175520,314.65"
"CANCEL,201"
"ADD,422,SELL,611098,314.80"
"ADD,423,SELL,2349800,314.45"
"ADD,424,BUY,1500965,316.60"
"ADD,425,BUY,1422524,314.05"
"ADD,426,SELL,6775563,300.10"
"ADD,427,SELL,4465761,300.65"
"ADD,428,BUY,1917274,302.80"
"ADD,429,BUY,3275195,293.90"
"CANCEL,54"
"ADD,430,SELL,8115843,307.95"
"ADD,431,BUY,4273563,311.20"
"ADD,432,BUY,2429376,308.60"
"ADD,433,BUY,2890325,309.20"
"CANCEL,51"
"CANCEL,336"
"ADD,434,BUY,4975464,315.60"
"ADD,435,BUY,3554275,318.75"
"ADD,436,SELL,2857535,320.85"
"ADD,437,SELL,1847756,317.05"
"CANCEL,186"
"ADD,438,SELL,833250,314.90"
"ADD,439,SELL,864010,314.70"
"ADD,440,SELL,2888459,321.35"
"CANCEL,210"
"ADD,441,BUY,5975319,307.85"
"ADD,442,SELL,4515666,322.30"
"ADD,443,SELL,11341344,313.65"
"ADD,444,BUY,4373528,313.75"
"ADD,445,BUY,3332257,307.65"
"ADD,446,BUY,2191214,311.30"
"ADD,447,SELL,1823928,306.95"
"ADD,448,SELL,3978581,298.45"
"ADD,449,BUY,2613070,292.25"
"ADD,450,SELL,2769786,293.65"
"ADD,451,SELL,1581664,297.50"
"ADD,452,BUY,4210330,308.05"
"ADD,453,SELL,2059788,306.70"
"ADD,454,BUY,1633645,299.60"
"CANCEL,120"
"ADD,455,BUY,1151936,303.55"
"ADD,456,SELL,1913748,303.80"
"CANCEL,191"
"ADD,457,SELL,2345581,300.10"
"ADD,458,BUY,3009655,300.30"
"ADD,459,SELL,2517677,302.15"
"ADD,460,SELL,1501937,303.55"
"ADD,461,SELL,1054076,298.95"
"ADD,462,SELL,9876960,305.35"
"ADD,463,SELL,3322935,305.70"
"ADD,464,SELL,1721676,303.00"
"ADD,465,SELL,1413186,300.15"
"ADD,466,BUY,2669631,296.25"
"ADD,467,BUY,807700,296.55"
"ADD,468,SELL,1022282,298.25"
"ADD,469,BUY,648078,294.45"
"ADD,470,SELL,1507968,289.05"
"CANCEL,269"
"ADD,471,BUY,1930976,292.35"
"ADD,472,BUY,1922269,284.70"
"CANCEL,220"
"ADD,473,BUY,3663176,291.20"
"ADD,474,SELL,1200688,289.65"
"ADD,475,BUY,1689884,287.00"
"ADD,476,BUY,1129707,288.50"
"CANCEL,445"
"CANCEL,280"
"ADD,477,SELL,1310034,284.35"
"ADD,478,SELL,1732728,287.85"
"ADD,479,SELL,1357613,289.70"
"CANCEL,434"
"ADD,480,BUY,1764537,289.95"
"ADD,481,BUY,1212407,291.45"
"CANCEL,333"
"CANCEL,184"
"ADD,482,SELL,901414,283.70"
"ADD,483,SELL,1085180,282.90"
"ADD,484,SELL,1334319,277.90"
"CANCEL,87"
"ADD,485,SELL,2433608,276.20"
"ADD,486,BUY,5668316,262.25"
"CANCEL,422"
"ADD,487,BUY,2037466,254.05"
"ADD,488,BUY,3191087,270.60"
"ADD,489,BUY,1792360,269.35"
"CANCEL,315"
"ADD,490,SELL,1763694,265.30"
"ADD,491,BUY,2171241,261.45"
"ADD,492,SELL,2155713,263.50"
"CANCEL,188"
"ADD,493,SELL,2121095,273.00"
"ADD,494,BUY,1892112,274.40"
"ADD,495,BUY,1813422,275.25"
"ADD,496,SELL,1637171,274.75"
"CANCEL,128"
"ADD,497,SELL,2227622,289.20"
"ADD,498,BUY,1101660,286.30"
"ADD,499,SELL,830285,284.55"
"CANCEL,410"
"ADD,500,BUY,789432,284.90"
"ADD,501,BUY,830006,283.35"
"ADD,502,BUY,2461685,286.65"
"CANCEL,243"
"ADD,503,SELL,826145,283.90"
"CANCEL,444"
"CANCEL,174"
"ADD,504,BUY,3140371,267.05"
"ADD,505,SELL,2869574,271.75"
"ADD,506,SELL,1805866,269.40"
"ADD,507,SELL,870456,271.70"
"ADD,508,BUY,961467,267.10"
"ADD,509,BUY,2370174,268.15"
"ADD,510,SELL,1034747,267.00"
"CANCEL,268"
"ADD,511,BUY,4601204,271.85"
"ADD,512,BUY,3660312,276.90"
"ADD,513,BUY,2715701,277.35"
"ADD,514,BUY,2568911,265.65"
"ADD,515,BUY,1557646,265.30"
"ADD,516,SELL,1056344,265.85"
"CANCEL,509"
"ADD,517,BUY,3721631,253.90"
"CANCEL,515"
"CANCEL,312"
"ADD,518,SELL,1400428,256.80"
"CANCEL,320"
"ADD,519,BUY,2198390,251.55"
"CANCEL,313"
"ADD,520,SELL,2916772,245.40"
"ADD,521,BUY,4331956,247.75"
"ADD,522,SELL,3108870,246.80"
"ADD,523,SELL,3412258,244.35"
"CANCEL,458"
"ADD,524,SELL,1987066,242.85"
"ADD,525,BUY,2169109,243.95"
"ADD,526,BUY,1681055,241.55"
"ADD,527,SELL,2468829,241.25"
"CANCEL,258"
"CANCEL,436"
"ADD,528,SELL,4440241,240.95"
"ADD,529,SELL,1554070,242.55"
"ADD,530,SELL,2417646,238.55"
"ADD,531,BUY,1975544,242.80"
"ADD,532,SELL,2054911,245.25"
"ADD,533,BUY,3269448,248.90"
"ADD,534,BUY,1991301,245.20"
"ADD,535,BUY,1792486,247.65"
"ADD,536,SELL,1411719,249.75"
"ADD,537,SELL,1648160,250.95"
"CANCEL,378"
"ADD,538,BUY,956877,245.70"
"ADD,539,SELL,2058052,249.60"
"ADD,540,SELL,3381295,255.50"
"CANCEL,257"
"ADD,541,BUY,2146322,264.30"
"ADD,542,SELL,4934888,269.30"
"ADD,543,BUY,2123615,265.95"
"ADD,544,BUY,2514536,265.65"
"ADD,545,BUY,2470540,260.95"
"ADD,546,SELL,2066219,257.40"
"ADD,547,SELL,2786878,260.50"
"ADD,548,BUY,3702270,259.00"
"ADD,549,BUY,2115338,258.05"
"ADD,550,BUY,1336037,261.60"
"ADD,551,BUY,1227802,258.65"
"ADD,552,BUY,1510321,258.10"
"ADD,553,BUY,1757760,255.50"
"ADD,554,SELL,1821705,260.00"
"ADD,555,BUY,2417212,255.50"
"ADD,556,BUY,1211786,255.35"
"ADD,557,BUY,584209,255.70"
"ADD,558,BUY,1865491,257.95"
"ADD,559,BUY,2254774,258.05"
"ADD,560,BUY,2075680,250.00"
"CANCEL,432"
"ADD,561,BUY,3961069,236.15"
"CANCEL,399"
"ADD,562,BUY,1331793,242.35"
"CANCEL,556"
"CANCEL,388"
"CANCEL,526"
"ADD,563,BUY,1047072,242.20"
"CANCEL,464"
"ADD,564,SELL,1207311,243.65"
"ADD,565,BUY,1421229,242.90"
"ADD,566,BUY,792887,242.15"
"CANCEL,483"
"ADD,567,SELL,1364316,235.95"
"ADD,568,BUY,2871456,229.90"
"ADD,569,BUY,4726002,223.05"
"ADD,570,SELL,2880309,219.80"
"CANCEL,564"
"ADD,571,BUY,3855740,234.40"
"CANCEL,324"
"CANCEL,369"
"ADD,572,BUY,5166758,263.25"
"CANCEL,435"
"ADD,573,SELL,8984720,259.65"
"ADD,574,BUY,6836817,258.00"
"ADD,575,SELL,2908551,256.00"
"CANCEL,99"
"ADD,576,BUY,8159262,262.85"
"ADD,577,SELL,5058403,264.90"
"ADD,578,BUY,4908203,268.20"
"ADD,579,SELL,6630375,271.85"
"CANCEL,475"
"CANCEL,232"
"CANCEL,357"
"ADD,580,BUY,9464779,286.55"
"ADD,581,SELL,13852575,292.40"
"CANCEL,426"
"ADD,582,BUY,7071612,290.80"
"ADD,583,BUY,7928814,287.90"
"ADD,584,SELL,5907463,294.55"
"CANCEL,534"
"CANCEL,531"
"ADD,585,BUY,6537126,294.40"
"ADD,586,SELL,3669736,296.15"
"CANCEL,263"
"ADD,587,BUY,4599603,293.35"
"CANCEL,105"
"ADD,588,BUY,4006333,293.85"
"ADD,589,BUY,3790765,296.95"
"ADD,590,SELL,6677302,295.70"
"ADD,591,BUY,4945501,294.10"
"ADD,592,SELL,3553239,289.90"
"ADD,593,BUY,3871518,289.10"
"ADD,594,SELL,3651142,290.80"
"CANCEL,344"
"ADD,595,SELL,3709924,291.55"
"ADD,596,BUY,10948599,300.50"
"CANCEL,275"
"ADD,597,SELL,4170639,297.50"
"ADD,598,BUY,3793216,297.95"
"ADD,599,SELL,3385535,297.80"
"ADD,600,BUY,2866903,293.50"
"ADD,601,BUY,5194550,287.95"
"ADD,602,BUY,3468858,284.80"
"ADD,603,SELL,2710431,285.05"
"CANCEL,141"
"ADD,604,BUY,5705715,296.35"
"ADD,605,SELL,4377033,297.05"
"ADD,606,BUY,2639730,295.25"
"ADD,607,SELL,2871917,294.50"
"CANCEL,413"
"CANCEL,479"
"ADD,608,BUY,1888939,292.35"
"CANCEL,214"
"ADD,609,SELL,1862633,292.10"
"CANCEL,431"
"ADD,610,BUY,3283681,292.70"
"ADD,611,SELL,4079518,282.65"
"ADD,612,BUY,4880373,273.35"
"ADD,613,BUY,5259578,278.65"
"ADD,614,SELL,3102893,273.15"
"ADD,615,SELL,5186530,268.40"
"CANCEL,217"
"CANCEL,543"
"ADD,616,SELL,4478622,281.40"
"CANCEL,614"
"CANCEL,361"
"CANCEL,348"
"CANCEL,292"
"ADD,617,BUY,2462346,282.45"
"ADD,618,BUY,2632766,281.20"
"CANCEL,495"
"ADD,619,BUY,3163812,291.80"
"ADD,620,BUY,2327667,289.65"
"ADD,621,SELL,1859557,290.35"
"ADD,622,BUY,1547297,288.90"
"ADD,623,SELL,4517701,294.90"
"ADD,624,BUY,9498820,302.70"
"ADD,625,BUY,4962908,295.55"
"ADD,626,SELL,3927725,292.60"
"ADD,627,BUY,4252731,295.40"
"ADD,628,SELL,7407437,294.75"
"ADD,629,BUY,6568547,295.80"
"ADD,630,BUY,2678815,292.20"
"ADD,631,SELL,5714701,288.95"
"ADD,632,SELL,2460354,285.35"
"ADD,633,SELL,3363294,281.00"
"ADD,634,BUY,3990040,276.95"
"ADD,635,BUY,4118775,285.15"
"ADD,636,SELL,2537990,278.30"
"ADD,637,SELL,3577231,277.95"
"ADD,638,SELL,4017792,279.55"
"ADD,639,SELL,3524481,285.05"
"ADD,640,SELL,5099545,293.35"
"ADD,641,SELL,4093968,293.50"
"ADD,642,SELL,1023238,294.45"
"CANCEL,196"
"CANCEL,616"
"ADD,643,SELL,2791345,284.50"
"ADD,644,BUY,2501955,280.50"
"ADD,645,BUY,3051450,285.45"
"ADD,646,SELL,3356489,278.10"
"CANCEL,65"
"ADD,647,SELL,2499790,282.30"
"ADD,648,SELL,2228894,285.50"
"CANCEL,126"
"ADD,649,BUY,4929495,300.15"
"ADD,650,SELL,3025909,296.15"
"CANCEL,554"
"CANCEL,381"
"ADD,651,BUY,3456980,292.85"
"CANCEL,636"
"CANCEL,244"
"ADD,652,SELL,3105149,278.15"
"ADD,653,SELL,2161877,279.30"
"CANCEL,591"
"ADD,654,SELL,15811793,271.20"
"ADD,655,BUY,6500987,273.80"
"ADD,656,BUY,5532466,268.20"
"ADD,657,BUY,4880945,272.20"
"ADD,658,SELL,3156736,272.85"
"ADD,659,BUY,2433276,274.45"
"ADD,660,BUY,2318553,273.45"
"ADD,661,BUY,2762692,270.55"
"ADD,662,BUY,3081872,269.90"
"CANCEL,504"
"ADD,663,SELL,5238248,259.55"
"ADD,664,BUY,3066891,261.05"
"ADD,665,BUY,2117544,260.80"
"ADD,666,BUY,1702560,261.75"
"ADD,667,SELL,2832571,266.50"
"ADD,668,SELL,1985716,267.35"
"CANCEL,368"
"ADD,669,SELL,2564055,269.10"
"ADD,670,SELL,2951846,272.10"
"CANCEL,618"
"ADD,671,SELL,3004600,274.60"
"ADD,672,SELL,1526396,270.25"
"ADD,673,BUY,3028596,279.45"
"ADD,674,SELL,3884253,280.45"
"ADD,675,SELL,5123081,288.00"
"ADD,676,BUY,4330163,293.60"
"ADD,677,SELL,6292634,298.60"
"ADD,678,BUY,2633889,294.55"
"ADD,679,SELL,1322619,292.15"
"CANCEL,168"
"ADD,680,BUY,10049061,312.50"
"ADD,681,BUY,5565987,313.50"
"ADD,682,SELL,4317101,307.60"
"ADD,683,BUY,5040597,303.55"
"ADD,684,BUY,3510016,307.75"
"ADD,685,SELL,2656499,308.00"
"ADD,686,SELL,5154883,312.95"
"CANCEL,103"
"ADD,687,BUY,9155674,321.10"
"ADD,688,BUY,5274828,318.00"
"ADD,689,SELL,7189801,324.90"
"ADD,690,BUY,14043308,335.45"
"ADD,691,SELL,4437953,325.25"
"ADD,692,BUY,6522147,320.35"
"ADD,693,SELL,5824144,324.85"
"ADD,694,SELL,7399290,325.15"
"ADD,695,SELL,4646035,324.75"
"ADD,696,BUY,5617703,324.90"
"ADD,697,SELL,5923798,325.80"
"ADD,698,SELL,7578443,328.50"
"CANCEL,587"
"ADD,699,SELL,5938555,332.95"
"ADD,700,SELL,4094522,328.75"
"ADD,701,SELL,3532013,326.25"
"ADD,702,BUY,3066396,326.65"
"CANCEL,61"
"ADD,703,SELL,4139447,330.70"
"CANCEL,289"
"ADD,704,BUY,6006878,337.65"
"CANCEL,629"
"ADD,705,SELL,5765178,338.80"
"ADD,706,SELL,5592085,339.25"
"ADD,707,BUY,4688869,335.70"
"ADD,708,SELL,5254420,334.05"
"ADD,709,SELL,4455942,329.80"
"ADD,710,SELL,5631688,341.80"
"ADD,711,BUY,8078652,349.60"
"ADD,712,SELL,4839923,345.20"
"CANCEL,156"
"ADD,713,BUY,4926920,348.60"
"ADD,714,BUY,16058683,357.90"
"ADD,715,SELL,5331971,355.05"
"ADD,716,SELL,3691388,354.90"
"CANCEL,228"
"ADD,717,SELL,8697928,350.60"
"ADD,718,SELL,5606043,355.55"
"CANCEL,677"
"ADD,719,SELL,4667303,361.30"
"CANCEL,542"
"ADD,720,BUY,4531665,360.95"
"CANCEL,249"
"ADD,721,SELL,5574787,361.25"
"ADD,722,BUY,5876836,369.10"
"ADD,723,SELL,3505892,368.90"
"ADD,724,SELL,4227478,371.10"
"ADD,725,SELL,8339399,381.70"
"ADD,726,SELL,9454459,378.60"
"ADD,727,BUY,8005644,390.65"
"ADD,728,BUY,5248770,393.80"
"ADD,729,BUY,5044335,393.70"
"ADD,730,BUY,6588927,400.70"
"CANCEL,634"
"ADD,731,BUY,9658341,418.60"
"ADD,732,BUY,5528319,407.95"
"ADD,733,SELL,6333379,409.30"
"CANCEL,499"
"ADD,734,SELL,7843693,435.60"
"ADD,735,SELL,8818832,436.30"
"ADD,736,BUY,5081235,434.65"
"ADD,737,BUY,6898117,428.70"
"ADD,738,SELL,6079875,419.15"
"CANCEL,157"
"ADD,739,BUY,9781713,410.15"
"ADD,740,SELL,7204975,406.90"
"ADD,741,BUY,8725249,395.35"
"CANCEL,581"
"ADD,742,BUY,5331483,403.05"
"ADD,743,SELL,5067816,412.55"
"ADD,744,SELL,8490786,429.00"
"CANCEL,355"
"ADD,745,SELL,7256463,426.30"
"ADD,746,SELL,4924381,434.30"
"CANCEL,330"
"CANCEL,723"
"ADD,747,SELL,6636276,448.55"
"ADD,748,SELL,4881619,457.50"
"CANCEL,740"
"ADD,749,SELL,4604292,455.25"
"ADD,750,SELL,5438028,455.15"
"CANCEL,566"
"CANCEL,118"
"ADD,751,BUY,6071066,468.25"
"CANCEL,487"
"ADD,752,SELL,16486307,488.55"
"ADD,753,BUY,6724539,489.55"
"ADD,754,SELL,4479769,481.80"
"ADD,755,SELL,6892959,468.20"
"ADD,756,BUY,5518654,468.90"
"ADD,757,SELL,5879520,458.80"
"ADD,758,SELL,6294240,470.65"
"ADD,759,BUY,1460756,475.40"
"ADD,760,SELL,4982452,459.00"
"ADD,761,BUY,7426937,464.30"
"ADD,762,SELL,4037719,472.40"
"ADD,763,BUY,4701112,477.05"
"ADD,764,BUY,4718758,486.45"
"ADD,765,SELL,8769709,498.10"
"ADD,766,BUY,7882729,491.50"
"ADD,767,BUY,6506879,488.60"
"CANCEL,628"
"ADD,768,SELL,5214906,482.15"
"CANCEL,380"
"ADD,769,BUY,4570877,480.65"
"ADD,770,SELL,5669505,484.05"
"ADD,771,BUY,4587227,477.85"
"ADD,772,BUY,5850660,464.90"
"ADD,773,BUY,1289083,468.30"
"ADD,774,BUY,5284715,474.95"
"ADD,775,BUY,3709555,466.00"
"CANCEL,470"
"ADD,776,SELL,4513877,450.80"
"ADD,777,SELL,6034467,459.45"
"ADD,778,SELL,3139596,455.90"
"ADD,779,BUY,4945760,467.05"
"ADD,780,BUY,7246806,476.20"
"ADD,781,BUY,5419378,487.05"
"CANCEL,611"
"ADD,782,SELL,6277005,499.60"
"ADD,783,SELL,8420259,497.90"
"CANCEL,607"
"ADD,784,SELL,5893629,493.05"
"CANCEL,772"
"CANCEL,362"
"ADD,785,SELL,10279517,497.60"
"CANCEL,644"
"ADD,786,SELL,4966075,491.30"
"ADD,787,SELL,5962251,499.00"
"CANCEL,570"
"ADD,788,BUY,6225689,502.75"
"ADD,789,BUY,6839994,506.95"
"ADD,790,SELL,10672249,520.70"
"ADD,791,SELL,4295096,527.55"
"ADD,792,SELL,4602904,522.40"
"ADD,793,BUY,4344835,527.90"
"CANCEL,306"
"ADD,794,SELL,3312897,537.25"
"CANCEL,778"
"CANCEL,520"
"ADD,795,BUY,4071252,570.65"
"ADD,796,BUY,8115756,585.20"
"ADD,797,SELL,6100815,580.05"
"CANCEL,442"
"ADD,798,SELL,5944876,580.15"
"ADD,799,SELL,5339567,590.10"
"ADD,800,BUY,8761265,578.65"
"ADD,801,BUY,5588734,571.25"
"ADD,802,BUY,5872486,587.40"
"CANCEL,350"
"ADD,803,SELL,6724119,578.10"
"CANCEL,356"
"ADD,804,SELL,5572406,584.75"
"ADD,805,SELL,6050968,574.45"
"ADD,806,BUY,6471951,552.95"
"ADD,807,SELL,10218853,535.25"
"ADD,808,SELL,9296411,557.85"
"ADD,809,BUY,7072111,580.65"
"ADD,810,SELL,8354537,575.70"
"ADD,811,SELL,14791246,571.50"
"ADD,812,SELL,6169266,560.55"
"ADD,813,SELL,6913665,553.70"
"ADD,814,SELL,7371400,571.40"
"ADD,815,SELL,7220332,564.60"
"ADD,816,BUY,6548357,575.40"
"CANCEL,481"
"ADD,817,SELL,8848744,593.25"
"ADD,818,BUY,6210047,587.30"
"ADD,819,SELL,5921079,587.70"
"ADD,820,SELL,4672041,595.40"
"ADD,821,BUY,5692413,592.95"
"ADD,822,BUY,9221574,598.75"
"CANCEL,367"
"ADD,823,BUY,8352121,582.35"
"CANCEL,398"
"ADD,824,BUY,9391243,565.35"
"ADD,825,BUY,12554104,565.75"
"ADD,826,BUY,6962652,555.20"
"CANCEL,704"
"ADD,827,SELL,8262031,554.70"
"CANCEL,183"
"ADD,828,BUY,8516733,580.85"
"ADD,829,BUY,4249944,573.65"
"ADD,830,SELL,4136933,586.15"
"ADD,831,BUY,4857721,595.75"
"ADD,832,SELL,4567818,584.30"
"ADD,833,BUY,4071022,573.70"
"ADD,834,SELL,5579304,565.85"
"ADD,835,SELL,5410580,562.60"
"ADD,836,BUY,6624011,545.05"
"ADD,837,BUY,8512242,541.85"
"ADD,838,SELL,8011049,540.40"
"ADD,839,BUY,11184854,519.10"
"ADD,840,BUY,7836465,523.25"
"ADD,841,BUY,6435462,507.70"
"CANCEL,299"
"ADD,842,BUY,7085995,512.30"
"ADD,843,BUY,9611709,514.05"
"ADD,844,SELL,7547350,525.70"
"ADD,845,SELL,5709932,528.80"
"CANCEL,760"
"ADD,846,BUY,5489134,538.05"
"CANCEL,489"
"ADD,847,SELL,7124312,565.80"
"ADD,848,SELL,6476492,575.10"
"CANCEL,577"
"ADD,849,SELL,4157678,574.00"
"ADD,850,BUY,4639042,572.95"
"CANCEL,606"
"ADD,851,BUY,4054932,573.30"
"ADD,852,SELL,5951581,565.35"
"CANCEL,237"
"ADD,853,BUY,814748,564.85"
"ADD,854,SELL,4074759,552.60"
"ADD,855,SELL,3512801,552.35"
"ADD,856,SELL,4741384,568.35"
"CANCEL,642"
"ADD,857,SELL,3588442,567.30"
"ADD,858,BUY,6683172,539.45"
"CANCEL,206"
"ADD,859,BUY,16522558,529.30"
"ADD,860,SELL,7435287,526.45"
"ADD,861,BUY,8237410,528.45"
"ADD,862,SELL,4785838,530.75"
"ADD,863,BUY,4266223,530.00"
"ADD,864,SELL,5894002,540.50"
"ADD,865,SELL,4446235,532.40"
"ADD,866,SELL,6391917,519.20"
"ADD,867,SELL,7292002,490.25"
"ADD,868,BUY,6245671,496.65"
"ADD,869,BUY,13077915,511.45"
"ADD,870,BUY,12309172,477.10"
"ADD,871,SELL,9367243,404.30"
"ADD,872,BUY,13502105,433.70"
"ADD,873,SELL,11520015,452.45"
"ADD,874,BUY,9397118,443.20"
"CANCEL,68"
"ADD,875,BUY,6756909,453.85"
"ADD,876,SELL,8006622,455.70"
"ADD,877,SELL,6844810,459.30"
"ADD,878,BUY,5707970,449.05"
"ADD,879,SELL,8904917,432.70"
"ADD,880,SELL,9652900,429.80"
"ADD,881,SELL,6215267,434.20"
"ADD,882,BUY,4296672,439.45"
"ADD,883,BUY,7208695,428.35"
"ADD,884,BUY,6151647,433.50"
"ADD,885,SELL,6611675,444.80"
"ADD,886,BUY,7265744,455.25"
"ADD,887,SELL,5136240,450.80"
"ADD,888,SELL,3516835,447.70"
"ADD,889,SELL,4722746,431.70"
"ADD,890,SELL,7250412,434.90"
"CANCEL,421"
"ADD,891,BUY,4553908,446.15"
"CANCEL,716"
"ADD,892,SELL,4919840,444.75"
"CANCEL,589"
"ADD,893,BUY,5392890,431.75"
"ADD,894,SELL,11069288,411.25"
"ADD,895,BUY,11806191,423.05"
"ADD,896,SELL,8228788,431.60"
"ADD,897,SELL,5428478,441.70"
"ADD,898,SELL,6946267,443.25"
"ADD,899,BUY,8869472,429.65"
"ADD,900,SELL,4945934,438.55"
"ADD,901,BUY,5676172,433.90"
"ADD,902,BUY,7218450,430.45"
"ADD,903,BUY,5911012,438.40"
"ADD,904,SELL,7283552,438.40"
"ADD,905,SELL,10969933,432.00"
"CANCEL,763"
"ADD,906,SELL,2875397,436.75"
"ADD,907,SELL,2351426,430.50"
"CANCEL,766"
"ADD,908,BUY,7458953,420.10"
"ADD,909,BUY,8211826,424.45"
"CANCEL,181"
"ADD,910,BUY,10068399,428.55"
"CANCEL,110"
"ADD,911,BUY,10430233,454.90"
"ADD,912,BUY,8805349,466.25"
"ADD,913,BUY,8051003,477.30"
"ADD,914,BUY,15580635,465.10"
"ADD,915,BUY,8270263,470.90"
"CANCEL,836"
"ADD,916,BUY,7111050,488.90"
"ADD,917,SELL,7074248,494.10"
"ADD,918,BUY,8322408,489.40"
"ADD,919,BUY,6740779,493.25"
"CANCEL,548"
"ADD,920,BUY,5479519,493.90"
"ADD,921,BUY,6018676,492.20"
"CANCEL,260"
"ADD,922,SELL,7145766,479.95"
"CANCEL,459"
"CANCEL,680"
"CANCEL,48"
"ADD,923,SELL,5551317,479.60"
"ADD,924,SELL,4375407,470.55"
"CANCEL,154"
"ADD,925,SELL,5197629,463.40"
"ADD,926,BUY,8081472,451.25"
"ADD,927,SELL,7285154,453.55"
"ADD,928,BUY,6272902,458.00"
"ADD,929,BUY,6532004,460.70"
"ADD,930,BUY,4769921,458.20"
"ADD,931,SELL,3505532,467.20"
"ADD,932,SELL,5302862,475.65"
"CANCEL,874"
"ADD,933,BUY,3740681,471.95"
"ADD,934,BUY,3916033,473.80"
"CANCEL,187"
"CANCEL,550"
"ADD,935,SELL,4137602,482.70"
"ADD,936,BUY,5137421,485.70"
"ADD,937,SELL,2856105,487.85"
"ADD,938,SELL,4421073,490.95"
"ADD,939,SELL,3581496,486.35"
"CANCEL,898"
"ADD,940,SELL,3430240,490.85"
"ADD,941,SELL,8296053,509.15"
"ADD,942,SELL,4526308,502.05"
"CANCEL,697"
"ADD,943,BUY,5758326,503.45"
"ADD,944,BUY,4947611,500.05"
"ADD,945,SELL,5740455,498.85"
"ADD,946,BUY,3535910,495.40"
"CANCEL,327"
"CANCEL,790"
"ADD,947,SELL,6072349,517.90"
"ADD,948,BUY,6782434,533.25"
"ADD,949,SELL,5706154,546.20"
"ADD,950,BUY,3813992,539.90"
"CANCEL,239"
"ADD,951,BUY,6830670,558.80"
"CANCEL,540"
"ADD,952,BUY,648975,553.75"
"ADD,953,BUY,2563259,546.90"
"CANCEL,821"
"ADD,954,SELL,4439281,542.90"
"ADD,955,BUY,5812889,546.30"
"ADD,956,BUY,4194218,550.70"
"ADD,957,BUY,5507817,559.85"
"CANCEL,291"
"CANCEL,756"
"ADD,958,BUY,8526352,536.80"
"ADD,959,SELL,6395029,551.75"
"CANCEL,768"
"ADD,960,BUY,8429951,538.60"
"ADD,961,SELL,5504459,529.15"
"ADD,962,BUY,4894088,529.85"
"ADD,963,SELL,5071120,543.40"
"ADD,964,BUY,4442667,543.70"
"ADD,965,BUY,6125154,537.30"
"ADD,966,SELL,3169206,540.35"
"ADD,967,SELL,4208643,542.35"
"CANCEL,371"
"CANCEL,906"
"CANCEL,397"
"ADD,968,SELL,1264067,545.55"
"ADD,969,SELL,4899923,544.85"
"ADD,970,BUY,3522004,543.75"
"ADD,971,BUY,6923035,545.75"
"ADD,972,SELL,8833904,527.35"
"ADD,973,SELL,13544498,532.55"
"ADD,974,SELL,8365725,528.30"
"ADD,975,SELL,8224503,515.15"
"ADD,976,BUY,17677183,503.35"
"CANCEL,224"
"CANCEL,598"
"ADD,977,SELL,6203906,527.50"
"ADD,978,BUY,10424103,542.00"
"ADD,979,BUY,7448219,543.70"
"CANCEL,899"
"ADD,980,BUY,7591960,517.05"
"ADD,981,SELL,7427583,507.80"
"ADD,982,SELL,6742416,512.20"
"ADD,983,BUY,9490211,499.20"
"ADD,984,SELL,9825655,502.35"
"CANCEL,692"
"ADD,985,BUY,6972362,495.10"
"CANCEL,736"
"ADD,986,BUY,11503787,480.55"
"ADD,987,BUY,21093705,480.65"
"ADD,988,SELL,11010746,485.00"
"ADD,989,BUY,9654627,495.05"
"ADD,990,BUY,8663566,506.30"
"ADD,991,BUY,9409228,523.40"
"ADD,992,SELL,18636083,516.95"
"ADD,993,BUY,7676579,527.55"
"ADD,994,SELL,6930557,531.50"
"CANCEL,892"
"ADD,995,BUY,4782233,533.70"
"ADD,996,BUY,6868471,543.85"
"ADD,997,SELL,5258329,531.25"
"ADD,998,SELL,8029644,529.95"
"CANCEL,311"
"ADD,999,BUY,7721496,542.25"
"ADD,1000,SELL,5334906,534.15"
"ADD,1001,BUY,4224467,525.75"
"ADD,1002,SELL,7463046,518.20"
"CANCEL,823"
"ADD,1003,SELL,5021951,513.90"
"CANCEL,465"
"ADD,1004,BUY,6375660,510.85"
"ADD,1005,BUY,3254090,513.70"
"CANCEL,670"
"ADD,1006,SELL,6705592,506.70"
"ADD,1007,SELL,8209129,501.60"
"ADD,1008,BUY,6907925,506.10"
"ADD,1009,BUY,5674790,522.25"
"ADD,1010,BUY,6130579,532.30"
"ADD,1011,SELL,8016759,542.95"
"CANCEL,246"
"ADD,1012,BUY,3296368,540.95"
"ADD,1013,SELL,3977210,537.15"
"ADD,1014,BUY,2583027,530.35"
"ADD,1015,SELL,3602698,533.80"
"CANCEL,794"
"ADD,1016,BUY,3549816,542.50"
"ADD,1017,BUY,5562621,547.40"
"ADD,1018,SELL,3844535,543.55"
"ADD,1019,SELL,3379078,539.20"
"ADD,1020,SELL,3589822,535.05"
"ADD,1021,SELL,3365895,535.85"
"CANCEL,572"
"CANCEL,419"
"ADD,1022,SELL,4257283,539.55"
"ADD,1023,SELL,5568923,548.30"
"ADD,1024,BUY,4971064,547.00"
"ADD,1025,BUY,3983640,540.15"
"ADD,1026,BUY,7580763,556.25"
"CANCEL,931"
"ADD,1027,SELL,5196032,549.65"
"ADD,1028,SELL,6489464,558.60"
"ADD,1029,SELL,8710667,572.05"
"CANCEL,775"
"ADD,1030,BUY,7242982,591.10"
"ADD,1031,BUY,7616622,587.85"
"ADD,1032,BUY,5397416,594.00"
"ADD,1033,BUY,5910172,587.95"
"ADD,1034,BUY,3534086,579.00"
"ADD,1035,SELL,5005254,570.85"
"ADD,1036,SELL,4275833,574.30"
"ADD,1037,BUY,4647394,562.50"
"ADD,1038,BUY,4802555,571.85"
"ADD,1039,BUY,2731618,559.70"
"CANCEL,539"
"ADD,1040,SELL,13640236,552.75"
"ADD,1041,BUY,8069883,560.00"
"ADD,1042,BUY,4037567,566.10"
"ADD,1043,SELL,4771867,549.15"
"CANCEL,395"
"ADD,1044,SELL,6305110,546.05"
"ADD,1045,SELL,5027975,564.60"
"ADD,1046,BUY,3448867,565.05"
"CANCEL,621"
"ADD,1047,SELL,4393667,571.60"
"ADD,1048,SELL,3651592,565.45"
"ADD,1049,BUY,3359996,556.85"
"ADD,1050,SELL,1865509,547.35"
"CANCEL,604"
"ADD,1051,BUY,2069914,545.55"
"ADD,1052,SELL,3912912,529.75"
"ADD,1053,SELL,4456598,518.55"
"ADD,1054,SELL,3618427,514.00"
"ADD,1055,BUY,4341054,530.05"
"ADD,1056,BUY,6087464,542.90"
"ADD,1057,BUY,5567905,547.50"
"ADD,1058,SELL,3463076,546.70"
"ADD,1059,SELL,3871831,547.15"
"ADD,1060,SELL,13395995,539.00"
"ADD,1061,BUY,7511621,543.85"
"ADD,1062,BUY,3762517,528.05"
"ADD,1063,SELL,3072191,533.85"
"ADD,1064,SELL,3454317,540.95"
"ADD,1065,BUY,2098028,541.35"
"CANCEL,737"
"ADD,1066,BUY,4635840,549.10"
"ADD,1067,BUY,3164957,553.40"
"ADD,1068,BUY,2272721,544.25"
"CANCEL,820"
"CANCEL,852"
"ADD,1069,BUY,1774336,536.25"
"ADD,1070,SELL,2412883,540.25"
"CANCEL,720"
"ADD,1071,SELL,4470270,529.60"
"CANCEL,580"
"ADD,1072,BUY,4235432,520.45"
"ADD,1073,BUY,2051339,531.15"
"ADD,1074,SELL,3664809,531.00"
"ADD,1075,SELL,4031194,530.65"
"ADD,1076,SELL,7769559,530.40"
"ADD,1077,BUY,4193107,531.25"
"CANCEL,507"
"ADD,1078,BUY,5421328,535.00"
"ADD,1079,BUY,4406235,541.00"
"CANCEL,962"
"CANCEL,810"
"ADD,1080,BUY,4034661,555.20"
"CANCEL,407"
"ADD,1081,SELL,4210618,547.85"
"ADD,1082,SELL,5176615,558.45"
"ADD,1083,BUY,4048621,559.05"
"ADD,1084,SELL,6310394,566.55"
"ADD,1085,SELL,3260828,569.60"
"ADD,1086,SELL,3311105,574.05"
"ADD,1087,BUY,3469660,574.95"
"ADD,1088,SELL,8227646,590.25"
"CANCEL,960"
"CANCEL,829"
"ADD,1089,SELL,16475825,646.15"
"ADD,1090,SELL,12836742,654.55"
"ADD,1091,SELL,6411276,650.60"
"ADD,1092,BUY,6446770,654.65"
"CANCEL,682"
"ADD,1093,BUY,10011559,629.55"
"ADD,1094,BUY,8831638,641.85"
"ADD,1095,BUY,7195559,642.55"
"CANCEL,71"
"ADD,1096,BUY,3814948,644.40"
"ADD,1097,BUY,4700583,638.05"
"CANCEL,937"
"ADD,1098,BUY,8735824,613.95"
"ADD,1099,BUY,5541157,620.30"
"ADD,1100,SELL,4123835,633.90"
"ADD,1101,SELL,5132947,638.30"
"CANCEL,1047"
"CANCEL,240"
"ADD,1102,BUY,7099154,666.65"
"ADD,1103,SELL,7839312,661.80"
"ADD,1104,BUY,5288380,664.65"
"ADD,1105,SELL,5825914,679.10"
"ADD,1106,BUY,4972401,678.25"
"ADD,1107,BUY,3826622,689.55"
"ADD,1108,BUY,5505138,687.55"
"ADD,1109,SELL,4407445,691.15"
"ADD,1110,BUY,7561778,698.85"
"ADD,1111,SELL,7613858,703.35"
"CANCEL,975"
"CANCEL,352"
"CANCEL,523"
"ADD,1112,SELL,14466212,729.20"
"ADD,1113,SELL,8039641,725.75"
"ADD,1114,BUY,11115184,711.30"
"ADD,1115,BUY,8903267,707.65"
"ADD,1116,SELL,7302607,719.45"
"ADD,1117,BUY,6610025,717.60"
"ADD,1118,SELL,6459920,704.20"
"ADD,1119,SELL,5203768,699.80"
"ADD,1120,BUY,6998309,714.95"
"ADD,1121,SELL,8674278,708.35"
"ADD,1122,SELL,6480313,705.75"
"ADD,1123,SELL,5069105,699.30"
"ADD,1124,SELL,6610919,685.15"
"ADD,1125,BUY,6916076,694.85"
"ADD,1126,BUY,7201850,696.35"
"ADD,1127,BUY,3624522,698.75"
"ADD,1128,SELL,4568030,700.35"
"ADD,1129,SELL,4498578,707.60"
"ADD,1130,BUY,6712154,719.40"
"ADD,1131,SELL,5338618,726.70"
"ADD,1132,SELL,4968560,730.50"
"ADD,1133,SELL,3729150,730.35"
"ADD,1134,BUY,3100515,728.90"
"CANCEL,843"
"ADD,1135,SELL,4094641,741.65"
"ADD,1136,BUY,3770214,752.50"
"CANCEL,1098"
"ADD,1137,SELL,4240354,740.95"
"ADD,1138,SELL,5435200,760.80"
"ADD,1139,BUY,3903180,764.05"
"ADD,1140,SELL,3850409,764.20"
"ADD,1141,SELL,9665891,777.95"
"CANCEL,561"
"ADD,1142,SELL,8411554,754.45"
"ADD,1143,SELL,10567094,747.75"
"ADD,1144,BUY,6457657,780.25"
"ADD,1145,SELL,7123069,788.00"
"ADD,1146,BUY,6978287,800.45"
"ADD,1147,SELL,7138866,808.30"
"ADD,1148,SELL,8637061,793.55"
"ADD,1149,BUY,4808345,794.25"
"ADD,1150,BUY,4333679,806.65"
"ADD,1151,BUY,3850439,802.05"
"ADD,1152,SELL,5972187,790.85"
"ADD,1153,SELL,7983593,788.40"
"ADD,1154,SELL,3714985,782.95"
"ADD,1155,BUY,3792221,788.80"
"ADD,1156,BUY,6041247,775.25"
"CANCEL,705"
"ADD,1157,SELL,6224636,771.00"
"CANCEL,1115"
"ADD,1158,BUY,8752227,747.30"
"ADD,1159,SELL,7606407,748.15"
"ADD,1160,BUY,9503506,771.20"
"ADD,1161,BUY,4880214,757.10"
"ADD,1162,BUY,5018390,767.60"
"CANCEL,100"
"CANCEL,902"
"ADD,1163,BUY,6151358,741.60"
"CANCEL,1020"
"ADD,1164,BUY,1681989,766.20"
"ADD,1165,BUY,5151546,777.70"
"ADD,1166,SELL,5107087,788.00"
"ADD,1167,SELL,4346779,790.45"
"CANCEL,730"
"ADD,1168,SELL,3218286,785.70"
"ADD,1169,BUY,5028746,795.40"
"ADD,1170,BUY,3211746,798.45"
"CANCEL,609"
"ADD,1171,BUY,5972178,829.30"
"CANCEL,457"
"CANCEL,995"
"ADD,1172,SELL,6855478,819.30"
"ADD,1173,BUY,5759902,832.00"
"ADD,1174,SELL,5858457,844.10"
"CANCEL,1037"
"ADD,1175,SELL,791677,845.90"
"ADD,1176,SELL,3755074,847.90"
"ADD,1177,SELL,8083545,848.15"
"ADD,1178,SELL,6347408,832.70"
"ADD,1179,BUY,6078658,839.55"
"ADD,1180,SELL,4049241,839.40"
"ADD,1181,SELL,3841846,840.25"
"ADD,1182,SELL,5034572,836.75"
"ADD,1183,BUY,5278514,843.45"
"ADD,1184,BUY,4734900,846.15"
"ADD,1185,BUY,6477762,863.35"
"ADD,1186,BUY,2668744,863.20"
"ADD,1187,SELL,4009892,871.60"
"CANCEL,951"
"ADD,1188,BUY,5272788,845.25"
"CANCEL,1088"
"ADD,1189,BUY,2442801,857.15"
"ADD,1190,BUY,3623424,854.55"
"CANCEL,149"
"ADD,1191,BUY,5728800,855.95"
"ADD,1192,BUY,5808569,842.90"
"ADD,1193,BUY,5323102,832.70"
"ADD,1194,SELL,5892643,866.90"
"ADD,1195,BUY,10837449,872.50"
"ADD,1196,BUY,9084303,891.10"
"ADD,1197,SELL,4947825,889.30"
"ADD,1198,SELL,3661821,897.85"
"ADD,1199,BUY,4904724,920.00"
"CANCEL,192"
"ADD,1200,SELL,5308620,921.70"
"ADD,1201,BUY,6359000,920.70"
"ADD,1202,SELL,6239710,910.15"
"ADD,1203,SELL,9600147,894.10"
"CANCEL,958"
"CANCEL,660"
"ADD,1204,BUY,15377084,872.95"
"ADD,1205,SELL,45149329,928.50"
"ADD,1206,BUY,61000245,693.70"
"CANCEL,547"
"CANCEL,964"
"ADD,1207,SELL,4174933,702.35"
"ADD,1208,BUY,11312904,693.45"
"ADD,1209,SELL,13377596,688.40"
"ADD,1210,SELL,6279370,698.65"
"CANCEL,383"
"ADD,1211,SELL,6209049,713.90"
"ADD,1212,SELL,4938137,704.80"
"ADD,1213,BUY,5022425,708.65"
"ADD,1214,SELL,3429300,696.60"
"ADD,1215,SELL,9525852,720.35"
"ADD,1216,BUY,6801747,720.55"
"CANCEL,1028"
"CANCEL,908"
"ADD,1217,SELL,3170840,716.80"
"ADD,1218,SELL,6607308,714.20"
"ADD,1219,SELL,7659167,701.80"
"ADD,1220,BUY,4058936,697.05"
"CANCEL,1110"
"ADD,1221,SELL,3226110,702.05"
"ADD,1222,BUY,3360389,697.75"
"ADD,1223,SELL,2935983,703.95"
"CANCEL,913"
"ADD,1224,BUY,2401313,702.85"
"CANCEL,250"
"ADD,1225,SELL,7720791,708.85"
"CANCEL,518"
"ADD,1226,SELL,3821962,713.15"
"ADD,1227,SELL,4185425,715.75"
"ADD,1228,BUY,6130529,732.20"
"ADD,1229,BUY,5395169,732.50"
"ADD,1230,SELL,7028288,719.90"
"CANCEL,297"
"CANCEL,1141"
"CANCEL,401"
"ADD,1231,BUY,3737688,742.50"
"ADD,1232,BUY,8821809,768.50"
"CANCEL,915"
"ADD,1233,SELL,2482378,778.05"
"CANCEL,925"
"ADD,1234,BUY,5109676,772.50"
"ADD,1235,BUY,3868446,777.35"
"ADD,1236,SELL,2825935,782.20"
"CANCEL,270"
"ADD,1237,SELL,1832302,790.85"
"ADD,1238,SELL,1847797,793.75"
"ADD,1239,BUY,3259099,795.70"
"ADD,1240,BUY,8352073,795.35"
"ADD,1241,SELL,5031936,828.80"
"ADD,1242,SELL,3929854,836.75"
"CANCEL,1090"
"ADD,1243,SELL,4241119,833.45"
"ADD,1244,BUY,4603751,836.25"
"ADD,1245,BUY,9379270,828.75"
"ADD,1246,SELL,8754381,846.50"
"CANCEL,1056"
"ADD,1247,BUY,8211163,891.30"
"ADD,1248,BUY,10659773,921.80"
"CANCEL,241"
"ADD,1249,SELL,8650976,974.95"
"CANCEL,722"
"ADD,1250,BUY,3524708,955.10"
"ADD,1251,BUY,4795378,978.65"
"ADD,1252,SELL,9853311,997.95"
"ADD,1253,BUY,6259209,1008.90"
"ADD,1254,SELL,1178831,1022.95"
"ADD,1255,BUY,3045647,1031.15"
"ADD,1256,SELL,2673389,1035.55"
"ADD,1257,BUY,14186838,1080.20"
"CANCEL,1108"
"ADD,1258,BUY,7762822,1155.00"
"CANCEL,1143"
"ADD,1259,SELL,10202815,1169.80"
"ADD,1260,SELL,12118649,1110.25"
"CANCEL,774"
"ADD,1261,BUY,9724804,1021.65"
"ADD,1262,SELL,12525373,1043.70"
"ADD,1263,BUY,5845869,1086.20"
"ADD,1264,SELL,9549377,1004.80"
"CANCEL,747"
"ADD,1265,BUY,12911483,929.40"
"CANCEL,1067"
"CANCEL,462"
"ADD,1266,BUY,9098194,950.00"
"ADD,1267,SELL,6631388,958.50"
"ADD,1268,SELL,3726526,955.95"
"ADD,1269,SELL,3546189,954.95"
"ADD,1270,SELL,9106430,954.15"
"ADD,1271,SELL,8935806,925.35"
"ADD,1272,BUY,5698370,958.10"
"ADD,1273,SELL,5848259,925.35"
"CANCEL,79"
"ADD,1274,SELL,11521168,893.00"
"ADD,1275,BUY,11944784,825.70"
"ADD,1276,BUY,11297369,922.75"
"ADD,1277,BUY,7039646,901.05"
"ADD,1278,SELL,7244040,858.65"
"ADD,1279,SELL,8583434,858.45"
"ADD,1280,BUY,6000097,895.35"
"ADD,1281,BUY,6956151,921.60"
"ADD,1282,BUY,4003171,933.70"
"ADD,1283,SELL,4529902,925.00"
"ADD,1284,BUY,6496928,964.15"
"ADD,1285,SELL,4852544,975.10"
"CANCEL,529"
"CANCEL,1093"
"ADD,1286,BUY,7047164,981.20"
"ADD,1287,SELL,12507571,985.75"
"ADD,1288,SELL,6403778,1000.95"
"ADD,1289,SELL,6026607,1008.35"
"ADD,1290,BUY,5951444,1059.85"
"ADD,1291,BUY,4381854,1071.10"
"ADD,1292,BUY,3618844,1074.70"
"CANCEL,1051"
"ADD,1293,BUY,4269451,1083.25"
"ADD,1294,SELL,6609409,1031.60"
"CANCEL,993"
"ADD,1295,BUY,3469398,1049.20"
"ADD,1296,SELL,7344439,1098.05"
"ADD,1297,SELL,3334343,1075.45"
"CANCEL,335"
"ADD,1298,BUY,2941065,1031.40"
"ADD,1299,BUY,6374130,1004.40"
"CANCEL,861"
"ADD,1300,SELL,7203202,995.40"
"ADD,1301,BUY,6653511,967.55"
"ADD,1302,BUY,5322776,971.50"
"ADD,1303,BUY,3152067,987.80"
"CANCEL,94"
"ADD,1304,SELL,4682950,1000.10"
"ADD,1305,BUY,3609008,979.05"
"ADD,1306,BUY,3319820,978.80"
"CANCEL,1305"
"ADD,1307,BUY,2060549,990.90"
"ADD,1308,SELL,3973655,988.00"
"ADD,1309,BUY,4994599,967.80"
"ADD,1310,SELL,2432744,954.95"
"ADD,1311,BUY,2209516,977.15"
"ADD,1312,BUY,3368611,988.00"
"ADD,1313,SELL,2701869,978.95"
"ADD,1314,BUY,5525255,1011.00"
"ADD,1315,SELL,2643615,1029.25"
"ADD,1316,SELL,4117495,1046.50"
"ADD,1317,SELL,5353897,1066.10"
"CANCEL,659"
"ADD,1318,BUY,2365329,1067.60"
"ADD,1319,SELL,3095055,1064.80"
"CANCEL,1054"
"ADD,1320,SELL,5654802,1106.85"
"ADD,1321,SELL,4796556,1110.65"
"ADD,1322,SELL,2073874,1122.10"
"CANCEL,1296"
"ADD,1323,SELL,3288304,1128.80"
"ADD,1324,SELL,5138080,1117.35"
"CANCEL,1303"
"ADD,1325,SELL,2482734,1131.60"
"ADD,1326,BUY,1488628,1125.95"
"ADD,1327,SELL,3579830,1137.50"
"ADD,1328,BUY,2806030,1125.70"
"ADD,1329,BUY,4495580,1130.80"
"ADD,1330,SELL,4762799,1087.70"
"ADD,1331,BUY,5799339,1106.85"
"ADD,1332,BUY,4004791,1116.15"
"CANCEL,328"
"ADD,1333,SELL,3008309,1140.60"
"ADD,1334,SELL,2757594,1133.45"
"CANCEL,1038"
"ADD,1335,SELL,3127726,1128.15"
"ADD,1336,SELL,3702426,1138.90"
"ADD,1337,BUY,5310389,1156.00"
"ADD,1338,BUY,4309600,1163.10"
"ADD,1339,BUY,3786786,1179.10"
"ADD,1340,SELL,2420909,1174.05"
"ADD,1341,SELL,3831187,1168.00"
"ADD,1342,SELL,2026064,1171.75"
"ADD,1343,BUY,1039522,1161.80"
"CANCEL,450"
"ADD,1344,SELL,4079358,1154.90"
"ADD,1345,SELL,2702479,1162.85"
"ADD,1346,BUY,1653865,1153.45"
"CANCEL,1264"
"ADD,1347,SELL,2707855,1143.30"
"ADD,1348,BUY,3890228,1168.75"
"ADD,1349,BUY,5415820,1190.70"
"ADD,1350,BUY,4348186,1213.40"
"ADD,1351,BUY,2535472,1215.20"
"ADD,1352,BUY,2466134,1208.50"
"ADD,1353,SELL,3684154,1197.10"
"ADD,1354,BUY,3792624,1203.55"
"ADD,1355,SELL,663569,1201.20"
"ADD,1356,SELL,1779594,1193.85"
"CANCEL,816"
"ADD,1357,SELL,4776535,1222.70"
"ADD,1358,SELL,2043590,1236.15"
"ADD,1359,BUY,2048330,1226.00"
"CANCEL,691"
"CANCEL,831"
"ADD,1360,BUY,3253964,1287.70"
"ADD,1361,BUY,3496771,1304.50"
"ADD,1362,BUY,3643621,1291.30"
"ADD,1363,SELL,4882281,1252.25"
"CANCEL,601"
"ADD,1364,BUY,3433415,1285.30"
"CANCEL,1208"
"ADD,1365,SELL,1624814,1279.40"
"CANCEL,384"
"ADD,1366,SELL,1616180,1265.75"
"ADD,1367,BUY,1255215,1259.25"
"ADD,1368,SELL,2787002,1259.00"
"ADD,1369,BUY,1829275,1274.05"
"ADD,1370,SELL,1802105,1278.15"
"ADD,1371,SELL,1840998,1271.95"
"ADD,1372,SELL,2104153,1262.35"
"CANCEL,717"
"ADD,1373,BUY,3116339,1250.70"
"ADD,1374,BUY,1766782,1249.30"
"ADD,1375,BUY,2691326,1244.45"
"ADD,1376,BUY,2280348,1261.05"
"ADD,1377,BUY,2498187,1259.90"
"ADD,1378,BUY,3765214,1279.55"
"ADD,1379,BUY,3199081,1281.35"
"ADD,1380,SELL,3823498,1301.00"
"ADD,1381,SELL,2917691,1269.15"
"ADD,1382,SELL,4535936,1240.00"
"CANCEL,877"
"ADD,1383,SELL,5255745,1238.40"
"CANCEL,1312"
"ADD,1384,BUY,2415209,1253.70"
"ADD,1385,BUY,2522336,1289.10"
"ADD,1386,SELL,4225479,1253.55"
"ADD,1387,SELL,4201035,1248.90"
"ADD,1388,SELL,2314366,1261.45"
"CANCEL,84"
"ADD,1389,SELL,1647160,1277.00"
"ADD,1390,SELL,2336334,1293.35"
"ADD,1391,SELL,4093985,1274.70"
"ADD,1392,BUY,2244378,1270.15"
"CANCEL,1083"
"ADD,1393,BUY,1489730,1284.55"
"ADD,1394,BUY,3022423,1280.50"
"ADD,1395,BUY,3047126,1288.15"
"ADD,1396,BUY,2191355,1276.85"
"ADD,1397,BUY,2561246,1278.30"
"ADD,1398,SELL,4813168,1273.15"
"ADD,1399,BUY,2228244,1296.50"
"CANCEL,303"
"CANCEL,980"
"ADD,1400,BUY,1793509,1346.95"
"ADD,1401,BUY,1564256,1349.85"
"ADD,1402,SELL,3531763,1367.40"
"ADD,1403,SELL,6458817,1382.75"
"ADD,1404,SELL,1567523,1373.85"
"ADD,1405,SELL,1213863,1360.55"
"ADD,1406,SELL,1682940,1369.50"
"ADD,1407,SELL,2529979,1370.60"
"CANCEL,420"
"ADD,1408,SELL,2700046,1366.45"
"CANCEL,1211"
"ADD,1409,BUY,1631888,1375.05"
"ADD,1410,BUY,962858,1387.35"
"ADD,1411,BUY,1756515,1389.20"
"ADD,1412,SELL,1527047,1394.90"
"ADD,1413,SELL,1002039,1397.05"
"ADD,1414,SELL,1538248,1391.80"
"ADD,1415,BUY,1268179,1358.95"
"ADD,1416,SELL,1443752,1366.00"
"ADD,1417,SELL,1421621,1377.05"
"ADD,1418,SELL,2044494,1406.95"
"ADD,1419,BUY,1562912,1420.75"
"ADD,1420,SELL,3280207,1414.60"
"ADD,1421,BUY,1527424,1406.75"
"ADD,1422,BUY,3719836,1412.05"
"CANCEL,1165"
"ADD,1423,BUY,7248366,1406.55"
"ADD,1424,SELL,2988590,1405.45"
"ADD,1425,SELL,7056818,1352.50"
"ADD,1426,SELL,3952391,1367.75"
"ADD,1427,BUY,4747034,1316.20"
"ADD,1428,SELL,5389119,1259.35"
"ADD,1429,SELL,3553116,1297.85"
"ADD,1430,SELL,3450264,1288.65"
"ADD,1431,SELL,3345797,1335.55"
"ADD,1432,BUY,2411381,1318.20"
"ADD,1433,BUY,2156009,1315.70"
"ADD,1434,SELL,1581553,1326.75"
"ADD,1435,BUY,2687015,1285.35"
"ADD,1436,BUY,2859247,1283.40"
"ADD,1437,BUY,2567950,1300.15"
"ADD,1438,SELL,1180894,1313.55"
"ADD,1439,BUY,1172767,1322.95"
"ADD,1440,SELL,1198964,1340.00"
"ADD,1441,BUY,2414019,1375.25"
"CANCEL,930"
"CANCEL,1358"
"ADD,1442,SELL,2133169,1350.00"
"ADD,1443,SELL,2648059,1357.20"
"ADD,1444,SELL,2645527,1370.30"
"ADD,1445,BUY,3290334,1313.95"
"ADD,1446,SELL,2661129,1340.75"
"CANCEL,762"
"ADD,1447,SELL,1213467,1358.85"
"ADD,1448,BUY,1111931,1384.30"
"ADD,1449,BUY,1325433,1384.40"
"ADD,1450,SELL,1677682,1386.60"
"CANCEL,545"
"ADD,1451,BUY,1520073,1411.95"
"ADD,1452,BUY,1697452,1457.75"
"ADD,1453,SELL,3820017,1475.80"
"CANCEL,649"
"CANCEL,999"
"CANCEL,1245"
"CANCEL,872"
"CANCEL,153"
"ADD,1454,SELL,2062547,1598.40"
"ADD,1455,SELL,6204641,1596.85"
"ADD,1456,SELL,3137369,1539.20"
"ADD,1457,SELL,2385514,1561.05"
"ADD,1458,SELL,3685012,1626.15"
"ADD,1459,SELL,3685098,1583.15"
"CANCEL,671"
"CANCEL,1112"
"ADD,1460,BUY,2307786,1598.25"
"CANCEL,1149"
"ADD,1461,SELL,3365965,1589.10"
"CANCEL,1157"
"ADD,1462,SELL,3468852,1598.50"
"ADD,1463,SELL,2843184,1634.70"
"ADD,1464,SELL,2854239,1685.25"
"ADD,1465,SELL,2318273,1698.45"
"ADD,1466,SELL,3239284,1760.95"
"ADD,1467,SELL,3931802,1779.25"
"ADD,1468,BUY,1603841,1756.15"
"ADD,1469,SELL,2824875,1727.20"
"ADD,1470,BUY,2419081,1728.05"
"ADD,1471,BUY,1540056,1723.90"
"ADD,1472,SELL,2321445,1756.90"
"ADD,1473,SELL,3083875,1752.85"
"ADD,1474,BUY,1866498,1758.80"
"ADD,1475,BUY,1504954,1751.25"
"ADD,1476,SELL,1394408,1741.95"
"ADD,1477,SELL,1810873,1745.40"
"ADD,1478,SELL,2727682,1691.30"
"ADD,1479,BUY,2589690,1669.15"
"CANCEL,1416"
"ADD,1480,BUY,2155325,1666.15"
"ADD,1481,SELL,2972202,1698.90"
"ADD,1482,BUY,2240665,1675.40"
"ADD,1483,BUY,1996192,1696.05"
"ADD,1484,SELL,1996976,1681.90"
"ADD,1485,SELL,1424616,1671.60"
"ADD,1486,SELL,2202023,1726.55"
"ADD,1487,BUY,1960094,1732.95"
"CANCEL,787"
"CANCEL,882"
"ADD,1488,BUY,2889439,1709.15"
"ADD,1489,BUY,1442066,1703.25"
"ADD,1490,BUY,1571971,1698.55"
"ADD,1491,BUY,2817089,1692.00"
"ADD,1492,BUY,2635833,1700.55"
"ADD,1493,SELL,2737732,1684.30"
"ADD,1494,SELL,2680539,1707.30"
"ADD,1495,BUY,2179332,1718.15"
"ADD,1496,SELL,1759660,1709.85"
"ADD,1497,SELL,1577879,1709.90"
"ADD,1498,SELL,1509831,1710.95"
"CANCEL,1121"
"ADD,1499,BUY,1231205,1703.30"
"CANCEL,1002"
"ADD,1500,BUY,4454697,1773.05"
"ADD,1501,SELL,1506972,1776.70"
"ADD,1502,SELL,3566387,1827.85"
"ADD,1503,BUY,3072600,1822.65"
"ADD,1504,SELL,3840133,1892.80"
"CANCEL,486"
"ADD,1505,BUY,2359687,1909.20"
"ADD,1506,BUY,2313661,1912.60"
"ADD,1507,SELL,2253970,1902.60"
"ADD,1508,SELL,3789715,1941.95"
"ADD,1509,BUY,6558586,1867.50"
"CANCEL,639"
"CANCEL,1170"
"ADD,1510,BUY,4187001,1797.75"
"ADD,1511,BUY,2392662,1800.55"
"ADD,1512,SELL,2985750,1801.15"
"CANCEL,527"
"ADD,1513,SELL,3094692,1810.20"
"ADD,1514,SELL,3259975,1875.45"
"ADD,1515,SELL,3666336,1845.80"
"ADD,1516,SELL,3363768,1809.05"
"ADD,1517,SELL,1574985,1829.20"
"ADD,1518,SELL,1019447,1833.05"
"ADD,1519,SELL,4004899,1739.05"
"ADD,1520,SELL,5958453,1752.90"
"ADD,1521,BUY,2357903,1798.00"
"ADD,1522,BUY,3838397,1746.85"
"ADD,1523,BUY,4304130,1766.20"
"ADD,1524,SELL,3057645,1744.00"
"ADD,1525,BUY,1699023,1776.35"
"ADD,1526,BUY,2052305,1833.80"
"ADD,1527,SELL,3221906,1882.50"
"ADD,1528,BUY,2659196,1889.70"
"CANCEL,482"
"CANCEL,793"
"ADD,1529,SELL,1994257,1957.95"
"ADD,1530,SELL,2030637,1972.90"
"ADD,1531,SELL,2495169,1964.60"
"CANCEL,1453"
"ADD,1532,SELL,1840068,1962.90"
"ADD,1533,BUY,1558841,1985.60"
"ADD,1534,BUY,2167892,1990.10"
"CANCEL,1530"
"ADD,1535,BUY,1975162,2027.50"
"ADD,1536,SELL,2558842,2034.75"
"CANCEL,1500"
"ADD,1537,BUY,2514217,2058.05"
"ADD,1538,BUY,3308060,2173.90"
"ADD,1539,SELL,2726830,2190.30"
"ADD,1540,SELL,2888883,2280.45"
"ADD,1541,SELL,4048123,2355.50"
"CANCEL,633"
"ADD,1542,BUY,3935791,2321.95"
"ADD,1543,SELL,3494924,2318.30"
"ADD,1544,SELL,3454315,2298.05"
"ADD,1545,BUY,4448285,2292.20"
"ADD,1546,SELL,6704314,2395.90"
"ADD,1547,SELL,3492432,2425.90"
"ADD,1548,SELL,4065960,2492.50"
"CANCEL,1216"
"ADD,1549,BUY,4137315,2600.00"
"ADD,1550,SELL,4999438,2618.40"
"ADD,1551,BUY,4903126,2630.55"
"ADD,1552,BUY,9947936,2565.75"
"ADD,1553,SELL,4920977,2666.35"
"CANCEL,699"
"CANCEL,936"
"ADD,1554,BUY,7574262,2583.15"
"ADD,1555,SELL,5322440,2469.30"
"ADD,1556,SELL,5051715,2410.05"
"ADD,1557,SELL,4880073,2599.85"
"CANCEL,1181"
"CANCEL,463"
"ADD,1558,BUY,3942809,2698.30"
"CANCEL,1474"
"ADD,1559,BUY,4374145,2769.50"
"ADD,1560,SELL,4153087,2783.80"
"CANCEL,824"
"ADD,1561,BUY,3867608,2713.30"
"ADD,1562,SELL,4453574,2661.15"
"ADD,1563,SELL,3027331,2666.20"
"CANCEL,844"
"ADD,1564,BUY,3639342,2742.85"
"ADD,1565,SELL,681498,2734.40"
"ADD,1566,SELL,4521756,2675.60"
"ADD,1567,SELL,4241726,2693.10"
"ADD,1568,BUY,6131511,2888.45"
"CANCEL,1304"
"ADD,1569,BUY,2545231,2881.65"
"ADD,1570,SELL,1839787,2850.90"
"ADD,1571,SELL,3866242,2784.85"
"ADD,1572,SELL,4566625,2709.50"
"ADD,1573,SELL,3588610,2724.75"
"ADD,1574,SELL,2467139,2811.20"
"CANCEL,229"
"ADD,1575,BUY,2440931,2843.30"
"ADD,1576,BUY,2496196,2792.30"
"ADD,1577,BUY,4045517,2812.55"
"ADD,1578,BUY,3086761,2851.65"
"ADD,1579,SELL,2451946,2934.90"
"ADD,1580,SELL,2637250,2862.50"
"ADD,1581,BUY,1958011,2901.40"
"ADD,1582,SELL,2480173,2873.80"
"ADD,1583,SELL,3296976,2841.45"
"CANCEL,776"
"ADD,1584,BUY,3182745,2885.65"
"CANCEL,827"
"CANCEL,809"
"ADD,1585,SELL,3562187,2888.65"
"ADD,1586,SELL,3594591,2775.10"
"ADD,1587,SELL,4143300,2727.55"
"ADD,1588,SELL,3792872,2703.80"
"ADD,1589,BUY,2500665,2713.65"
"ADD,1590,BUY,2693235,2788.55"
"ADD,1591,BUY,3170047,2896.50"
"ADD,1592,BUY,3821936,2893.85"
"ADD,1593,BUY,1816867,2894.85"
"CANCEL,323"
"ADD,1594,BUY,1204696,2848.25"
"CANCEL,364"
"ADD,1595,BUY,3452086,2903.70"
"CANCEL,1198"
"ADD,1596,BUY,3132985,3020.25"
"ADD,1597,SELL,4907826,3054.65"
"ADD,1598,SELL,2522299,3033.65"
"ADD,1599,BUY,4107103,3027.80"
"ADD,1600,SELL,5031340,3127.60"
"CANCEL,1515"
"ADD,1601,SELL,3798648,3165.55"
"ADD,1602,BUY,5554677,3093.65"
"ADD,1603,SELL,4791289,2996.55"
"ADD,1604,SELL,5803304,2799.60"
"ADD,1605,SELL,8279575,2540.80"
"CANCEL,225"
"CANCEL,1379"
"CANCEL,282"
"ADD,1606,SELL,2996462,2615.40"
"ADD,1607,BUY,3025440,2566.40"
"ADD,1608,BUY,1988599,2576.90"
"ADD,1609,BUY,2497759,2471.90"
"ADD,1610,BUY,5649201,2478.90"
"ADD,1611,BUY,2109433,2542.75"
"ADD,1612,SELL,2950332,2591.20"
"ADD,1613,BUY,1731683,2617.10"
"ADD,1614,SELL,2201762,2552.50"
"CANCEL,329"
"ADD,1615,SELL,3160339,2426.40"
"ADD,1616,BUY,4760592,2277.00"
"ADD,1617,SELL,4073504,2324.85"
"ADD,1618,BUY,4747799,2389.50"
"CANCEL,33"
"CANCEL,782"
"ADD,1619,SELL,1304630,2553.70"
"CANCEL,242"
"CANCEL,701"
"CANCEL,557"
"ADD,1620,SELL,1982606,2434.45"
"ADD,1621,SELL,1853574,2551.45"
"ADD,1622,BUY,1461973,2576.65"
"ADD,1623,SELL,2665462,2588.45"
"ADD,1624,SELL,2821861,2533.25"
"ADD,1625,BUY,3336910,2463.45"
"ADD,1626,SELL,3028734,2306.00"
"ADD,1627,BUY,4554609,2243.20"
"ADD,1628,SELL,2937145,2292.75"
"ADD,1629,BUY,3323902,2248.25"
"ADD,1630,SELL,5243330,2274.55"
"ADD,1631,BUY,3666369,2347.90"
"ADD,1632,BUY,3195994,2374.60"
"CANCEL,496"
"ADD,1633,SELL,2736483,2322.60"
"ADD,1634,BUY,4709376,2180.20"
"ADD,1635,SELL,3965487,2151.00"
"ADD,1636,SELL,3399737,2159.10"
"ADD,1637,BUY,2985289,2200.25"
"ADD,1638,SELL,3115010,2313.80"
"ADD,1639,BUY,2331754,2299.45"
"ADD,1640,SELL,4148373,2270.80"
"ADD,1641,SELL,3944461,2352.45"
"CANCEL,338"
"ADD,1642,SELL,3063841,2345.25"
"CANCEL,170"
"ADD,1643,SELL,1977750,2396.05"
"ADD,1644,SELL,2486271,2321.15"
"ADD,1645,BUY,2632844,2404.90"
"ADD,1646,BUY,2819713,2381.75"
"ADD,1647,BUY,2281967,2418.25"
"ADD,1648,SELL,3666638,2468.65"
"ADD,1649,BUY,4286756,2551.55"
"ADD,1650,BUY,4266890,2611.80"
"ADD,1651,SELL,3601987,2642.50"
"ADD,1652,SELL,2506892,2640.05"
"CANCEL,1495"
"ADD,1653,SELL,2872718,2607.35"
"ADD,1654,BUY,3176219,2577.60"
"ADD,1655,SELL,3303999,2582.65"
"ADD,1656,BUY,3370534,2624.50"
"CANCEL,1057"
"ADD,1657,BUY,2486561,2659.95"
"ADD,1658,SELL,2737552,2614.50"
"CANCEL,1328"
"CANCEL,886"
"ADD,1659,BUY,2103076,2650.00"
"ADD,1660,SELL,2549324,2688.95"
"ADD,1661,SELL,1894271,2667.25"
"ADD,1662,BUY,3507684,2528.40"
"ADD,1663,SELL,2761164,2553.85"
"ADD,1664,BUY,2600800,2501.10"
"ADD,1665,BUY,2009835,2530.75"
"ADD,1666,BUY,2500502,2622.95"
"ADD,1667,BUY,1933723,2635.70"
"ADD,1668,SELL,1777614,2602.95"
"ADD,1669,BUY,3334889,2667.70"
"ADD,1670,SELL,2387252,2626.05"
"CANCEL,80"
"ADD,1671,SELL,2662132,2515.60"
"ADD,1672,BUY,1747866,2495.10"
"ADD,1673,BUY,2157344,2522.50"
"ADD,1674,BUY,4122995,2462.70"
"ADD,1675,SELL,3588787,2403.50"
"CANCEL,1586"
"ADD,1676,BUY,3612031,2406.65"
"ADD,1677,BUY,3894687,2307.00"
"CANCEL,1191"
"ADD,1678,SELL,4965105,2238.50"
"ADD,1679,BUY,5229890,2162.70"
"CANCEL,1014"
"ADD,1680,SELL,4785355,2261.40"
"ADD,1681,SELL,5237223,2277.30"
"CANCEL,1079"
"ADD,1682,BUY,3163129,2282.35"
"ADD,1683,SELL,2493500,2332.90"
"ADD,1684,BUY,2881337,2287.10"
"ADD,1685,SELL,2036997,2248.15"
"ADD,1686,BUY,5356849,2099.20"
"ADD,1687,SELL,5456421,2025.70"
"ADD,1688,SELL,5989228,2062.70"
"ADD,1689,BUY,4179505,2136.00"
"CANCEL,1100"
"ADD,1690,SELL,6517499,2182.65"
"ADD,1691,BUY,6026649,2095.15"
"ADD,1692,BUY,5926354,2044.15"
"ADD,1693,BUY,6945445,2144.00"
"CANCEL,1456"
"ADD,1694,BUY,4070364,2097.90"
"ADD,1695,SELL,3720988,2028.20"
"ADD,1696,BUY,4810596,1979.45"
"CANCEL,1678"
"ADD,1697,BUY,2878942,2046.65"
"ADD,1698,SELL,3350305,2016.10"
"ADD,1699,SELL,3713341,2043.45"
"ADD,1700,BUY,4765338,1977.40"
"ADD,1701,SELL,3876668,1943.50"
"ADD,1702,BUY,3088057,2018.55"
"ADD,1703,SELL,3849669,2113.20"
"CANCEL,759"
"ADD,1704,BUY,2853219,2152.15"
"ADD,1705,SELL,5049840,2267.30"
"ADD,1706,BUY,3331358,2308.05"
"ADD,1707,SELL,7129220,2147.10"
"ADD,1708,SELL,3383436,2179.90"
"CANCEL,1158"
"ADD,1709,BUY,2096377,2165.50"
"CANCEL,286"
"ADD,1710,SELL,3774513,2297.60"
"ADD,1711,SELL,4096186,2242.40"
"ADD,1712,SELL,4797583,2276.05"
"ADD,1713,BUY,4163954,2298.60"
"ADD,1714,SELL,2806584,2272.60"
"ADD,1715,BUY,3303349,2251.80"
"ADD,1716,SELL,2927085,2325.25"
"ADD,1717,SELL,3758158,2347.25"
"ADD,1718,SELL,3252519,2336.85"
"ADD,1719,SELL,2397678,2276.70"
"ADD,1720,SELL,2513403,2224.80"
"ADD,1721,BUY,2077098,2219.60"
"ADD,1722,BUY,2273633,2246.35"
"ADD,1723,SELL,1954673,2212.65"
"CANCEL,471"
"ADD,1724,SELL,1391259,2232.00"
"CANCEL,1371"
"ADD,1725,BUY,3693248,2148.00"
"ADD,1726,BUY,4800181,2070.85"
"ADD,1727,BUY,2517428,2136.20"
"ADD,1728,SELL,2288933,2141.65"
"ADD,1729,SELL,2521424,2212.75"
"ADD,1730,SELL,2663348,2152.25"
"ADD,1731,BUY,3225044,2080.90"
"ADD,1732,SELL,2868523,2133.20"
"ADD,1733,SELL,1970535,2142.55"
"ADD,1734,SELL,3817866,2082.65"
"ADD,1735,SELL,5691958,1997.40"
"CANCEL,1624"
"ADD,1736,SELL,5023992,1886.95"
"ADD,1737,SELL,4476452,1928.05"
"ADD,1738,BUY,4034391,1876.65"
"ADD,1739,BUY,8745924,1938.25"
"ADD,1740,BUY,5157010,2055.10"
"ADD,1741,SELL,5798887,2039.10"
"CANCEL,1323"
"CANCEL,1257"
"ADD,1742,SELL,4918882,2025.70"
"ADD,1743,SELL,3470456,1963.20"
"CANCEL,783"
"ADD,1744,SELL,6794615,1949.35"
"ADD,1745,BUY,3475963,1906.70"
"CANCEL,555"
"ADD,1746,SELL,6053146,1641.60"
"CANCEL,166"
"ADD,1747,SELL,7673196,1648.55"
"ADD,1748,SELL,8394546,1527.60"
"CANCEL,377"
"ADD,1749,BUY,4625862,1621.05"
"CANCEL,832"
"CANCEL,1153"
"ADD,1750,BUY,7155727,1306.05"
"ADD,1751,BUY,7029875,1320.90"
"ADD,1752,SELL,6723686,1394.95"
"ADD,1753,SELL,4467280,1316.80"
"ADD,1754,BUY,7147612,1217.65"
"ADD,1755,BUY,9257453,1019.50"
"ADD,1756,SELL,9895825,1077.00"
"ADD,1757,BUY,1550317,1153.00"
"ADD,1758,SELL,7771683,1201.75"
"CANCEL,281"
"CANCEL,1521"
"ADD,1759,SELL,6263438,1451.60"
"ADD,1760,SELL,11704998,1269.05"
"ADD,1761,SELL,9580735,1170.55"
"CANCEL,997"
"ADD,1762,SELL,4959086,1303.10"
"ADD,1763,SELL,6816077,1207.70"
"ADD,1764,BUY,8267192,1162.20"
"CANCEL,1522"
"ADD,1765,SELL,7437912,1141.40"
"ADD,1766,BUY,7351488,1139.95"
"ADD,1767,BUY,10156564,1132.45"
"CANCEL,97"
"ADD,1768,SELL,8694181,1124.35"
"ADD,1769,BUY,7481339,1144.80"
"ADD,1770,SELL,7571705,1071.80"
"ADD,1771,SELL,8489033,1138.90"
"ADD,1772,BUY,7291509,1134.45"
"CANCEL,353"
"ADD,1773,SELL,7197583,1073.95"
"ADD,1774,BUY,6566724,1069.10"
"ADD,1775,BUY,9266428,1159.10"
"ADD,1776,SELL,6679613,1117.60"
"ADD,1777,SELL,6965801,1118.55"
"CANCEL,319"
"ADD,1778,BUY,9088095,1259.00"
"ADD,1779,BUY,9928592,1307.10"
"ADD,1780,SELL,9859348,1340.55"
"ADD,1781,SELL,7748498,1388.50"
"ADD,1782,BUY,8838463,1351.40"
"ADD,1783,BUY,10705844,1361.00"
"ADD,1784,SELL,8237002,1351.30"
"ADD,1785,SELL,4876273,1285.55"
"ADD,1786,BUY,3848915,1259.75"
"ADD,1787,BUY,4105712,1242.00"
"ADD,1788,BUY,3172515,1210.15"
"ADD,1789,SELL,5854190,1246.30"
"CANCEL,1509"
"ADD,1790,SELL,4931305,1232.75"
"CANCEL,1247"
"ADD,1791,BUY,4961862,1286.40"
"CANCEL,478"
"ADD,1792,BUY,6029600,1370.90"
"ADD,1793,SELL,8500550,1200.75"
"ADD,1794,BUY,9488130,1153.25"
"ADD,1795,BUY,7364584,1097.90"
"ADD,1796,SELL,6580241,1077.55"
"ADD,1797,SELL,6550391,1179.75"
"ADD,1798,SELL,6273731,1142.35"
"ADD,1799,SELL,6661824,1217.35"
"ADD,1800,SELL,4245780,1229.90"
"ADD,1801,BUY,4647100,1183.65"
"ADD,1802,BUY,4967385,1119.85"
"CANCEL,443"
"ADD,1803,SELL,8108608,1156.15"
"ADD,1804,BUY,4483385,1225.95"
"ADD,1805,BUY,4592859,1274.00"
"ADD,1806,BUY,6343343,1270.10"
"ADD,1807,SELL,5559302,1323.60"
"ADD,1808,SELL,5365466,1280.00"
"ADD,1809,BUY,6910891,1306.20"
"ADD,1810,SELL,3966740,1307.50"
"CANCEL,1504"
"ADD,1811,SELL,4341063,1344.85"
"CANCEL,1400"
"ADD,1812,SELL,6796751,1401.95"
"ADD,1813,SELL,4205287,1381.25"
"ADD,1814,SELL,3144540,1351.55"
"ADD,1815,SELL,2904652,1392.40"
"ADD,1816,BUY,4594188,1320.20"
"CANCEL,983"
"ADD,1817,SELL,4574188,1295.15"
"ADD,1818,SELL,3004383,1293.75"
"ADD,1819,BUY,3677545,1253.40"
"ADD,1820,BUY,4570169,1253.25"
"ADD,1821,SELL,2954972,1266.55"
"ADD,1822,SELL,3839552,1290.80"
"ADD,1823,SELL,4810161,1266.05"
"ADD,1824,BUY,4937991,1225.65"
"ADD,1825,BUY,5237026,1196.85"
"ADD,1826,SELL,5976700,1211.10"
"ADD,1827,BUY,7117449,1149.80"
"ADD,1828,BUY,4562909,1169.90"
"ADD,1829,SELL,3346831,1153.35"
"CANCEL,1592"
"ADD,1830,BUY,4113560,1284.25"
"ADD,1831,SELL,4526883,1327.60"
"ADD,1832,BUY,4755486,1300.20"
"ADD,1833,SELL,4368767,1331.40"
"ADD,1834,BUY,4341169,1345.70"
"ADD,1835,BUY,5105940,1339.20"
"ADD,1836,SELL,4971588,1438.45"
"ADD,1837,BUY,6896741,1452.45"
"CANCEL,1473"
"ADD,1838,SELL,8215501,1565.50"
"ADD,1839,BUY,6744638,1548.75"
"CANCEL,1764"
"ADD,1840,SELL,5714483,1524.75"
"ADD,1841,SELL,4777855,1581.25"
"CANCEL,1726"
"ADD,1842,BUY,5259028,1671.60"
"ADD,1843,BUY,9194966,1725.15"
"ADD,1844,BUY,5193767,1735.75"
"ADD,1845,BUY,3804850,1773.55"
"CANCEL,500"
"ADD,1846,SELL,6619758,1735.00"
"ADD,1847,BUY,6420246,1716.95"
"ADD,1848,SELL,4930249,1715.40"
"ADD,1849,SELL,5002628,1706.10"
"ADD,1850,SELL,4423560,1718.00"
"ADD,1851,BUY,4239012,1763.70"
"ADD,1852,SELL,5475144,1788.85"
"ADD,1853,SELL,4197673,1785.55"
"ADD,1854,SELL,4024229,1737.15"
"ADD,1855,BUY,4271409,1806.25"
"ADD,1856,SELL,4285511,1887.10"
"CANCEL,1223"
"ADD,1857,BUY,4881911,1881.50"
"ADD,1858,SELL,3674123,1915.55"
"ADD,1859,BUY,3985320,1900.30"
"ADD,1860,BUY,3757600,1861.60"
"ADD,1861,BUY,4585587,1959.90"
"CANCEL,1774"
"ADD,1862,SELL,4047066,1908.95"
"ADD,1863,BUY,3153527,1950.70"
"ADD,1864,BUY,52820,2367.55"
"ADD,1865,SELL,10473822,2230.90"
"ADD,1866,BUY,6746905,2152.45"
"ADD,1867,SELL,3977372,2115.45"
"ADD,1868,SELL,4446371,2185.75"
"ADD,1869,SELL,3104057,2194.75"
"ADD,1870,BUY,2484080,2142.70"
"ADD,1871,SELL,5225093,2186.35"
"ADD,1872,SELL,4498063,2220.55"
"ADD,1873,SELL,6396695,2271.90"
"ADD,1874,SELL,2977383,2282.20"
"ADD,1875,SELL,3299111,2279.20"
"ADD,1876,SELL,3438123,2245.90"
"ADD,1877,BUY,3860237,2261.75"
"ADD,1878,BUY,4677671,2212.75"
"CANCEL,1525"
"CANCEL,854"
"ADD,1879,SELL,3965233,2320.20"
"CANCEL,1146"
"ADD,1880,BUY,4916730,2362.10"
"ADD,1881,BUY,7140962,2178.80"
"CANCEL,392"
"CANCEL,1629"
"ADD,1882,BUY,6207405,2025.05"
"CANCEL,386"
"ADD,1883,SELL,4621154,1952.50"
"ADD,1884,BUY,5946495,2015.30"
"ADD,1885,SELL,4710244,2002.35"
"ADD,1886,BUY,5335839,1958.10"
"ADD,1887,SELL,3979065,2029.20"
"ADD,1888,BUY,3726361,2087.00"
"ADD,1889,SELL,2981288,2023.40"
"ADD,1890,BUY,3718079,2058.80"
"ADD,1891,BUY,3850061,2011.35"
"ADD,1892,BUY,4332698,2027.65"
"ADD,1893,BUY,5923485,1893.15"
"ADD,1894,SELL,5835396,1855.45"
"ADD,1895,BUY,5771172,1829.65"
"ADD,1896,SELL,3688001,1853.40"
"CANCEL,1412"
"ADD,1897,SELL,4149470,1750.95"
"ADD,1898,SELL,3699051,1814.05"
"CANCEL,1231"
"ADD,1899,BUY,5526846,1935.40"
"CANCEL,1129"
"ADD,1900,SELL,4118480,2033.30"
"ADD,1901,SELL,3083413,2018.65"
"ADD,1902,BUY,3145153,1975.70"
"ADD,1903,BUY,2965247,2041.55"
"ADD,1904,SELL,4238518,2016.85"
"ADD,1905,BUY,6017644,1940.65"
"ADD,1906,BUY,5756294,1907.60"
"ADD,1907,BUY,4766525,1930.40"
"ADD,1908,BUY,3079359,1900.30"
"CANCEL,1447"
"ADD,1909,BUY,2737892,2017.00"
"ADD,1910,BUY,3837378,2039.75"
"ADD,1911,SELL,3804751,2076.40"
"ADD,1912,BUY,4917080,2046.80"
"ADD,1913,BUY,3999933,1997.75"
"ADD,1914,BUY,3013118,1988.10"
"CANCEL,1748"
"CANCEL,990"
"ADD,1915,BUY,3031487,2024.30"
"ADD,1916,BUY,3344427,2036.45"
"ADD,1917,SELL,3433349,1941.95"
"ADD,1918,SELL,2973261,1941.20"
"ADD,1919,BUY,3331420,1885.85"
"CANCEL,1156"
"ADD,1920,SELL,3010806,1928.80"
"ADD,1921,SELL,2530517,1974.30"
"ADD,1922,SELL,3250116,2025.65"
"CANCEL,825"
"ADD,1923,SELL,2934592,2042.35"
"ADD,1924,BUY,2500430,2074.10"
"ADD,1925,SELL,3604830,2005.10"
"ADD,1926,SELL,2598213,1980.85"
"CANCEL,849"
"ADD,1927,SELL,3022616,1930.80"
"ADD,1928,BUY,2898625,1981.15"
"ADD,1929,SELL,2580500,2002.85"
"ADD,1930,BUY,5949983,2075.60"
"ADD,1931,SELL,6009262,2168.45"
"ADD,1932,SELL,4076750,2147.45"
"CANCEL,1724"
"ADD,1933,SELL,2176986,2139.50"
"ADD,1934,BUY,2157020,2180.90"
"ADD,1935,SELL,2215286,2184.00"
"ADD,1936,BUY,16579451,2086.15"
"ADD,1937,BUY,2938873,2102.55"
"ADD,1938,SELL,2629983,2097.95"
"ADD,1939,SELL,2784741,2101.70"
"ADD,1940,BUY,4761898,2100.95"
"ADD,1941,BUY,3566397,2135.00"
"CANCEL,650"
"ADD,1942,BUY,4222636,2201.65"
"CANCEL,490"
"ADD,1943,BUY,2961545,2139.10"
"ADD,1944,SELL,3669459,2134.10"
"CANCEL,449"
"CANCEL,144"
"ADD,1945,BUY,3162237,2099.75"
"ADD,1946,BUY,4496196,2169.05"
"ADD,1947,SELL,3335821,2184.20"
"ADD,1948,SELL,3250759,2171.50"
"ADD,1949,BUY,3357818,2218.75"
"CANCEL,1325"
"ADD,1950,BUY,3161589,2184.55"
"ADD,1951,BUY,2549442,2182.20"
"ADD,1952,SELL,2310668,2135.20"
"ADD,1953,BUY,5039726,2047.35"
"ADD,1954,SELL,3170009,2015.35"
"CANCEL,758"
"ADD,1955,BUY,2949900,2034.15"
"ADD,1956,BUY,3530103,1999.40"
"ADD,1957,SELL,4981242,1931.15"
"ADD,1958,BUY,4898276,1818.55"
"ADD,1959,BUY,4567661,1920.70"
"ADD,1960,SELL,3438724,1941.15"
"ADD,1961,SELL,3498033,1957.50"
"ADD,1962,BUY,3278186,2024.40"
"ADD,1963,BUY,6326351,2054.50"
"ADD,1964,BUY,4183569,2114.00"
"ADD,1965,SELL,3808929,2101.25"
"CANCEL,1611"
"ADD,1966,SELL,2067266,2153.60"
"ADD,1967,BUY,3005633,2132.35"
"CANCEL,866"
"ADD,1968,SELL,2313331,2083.80"
"CANCEL,1074"
"CANCEL,1919"
"CANCEL,953"
"ADD,1969,BUY,4152810,2194.70"
"ADD,1970,BUY,5079362,1063.75"
"ADD,1971,SELL,5821983,1045.95"
"ADD,1972,BUY,4130831,1063.50"
"ADD,1973,SELL,2859884,1098.00"
"ADD,1974,SELL,4727337,1100.45"
"CANCEL,389"
"ADD,1975,BUY,3191869,1088.40"
"CANCEL,209"
"ADD,1976,SELL,4670917,1080.35"
"ADD,1977,SELL,2555542,1071.85"
"CANCEL,578"
"ADD,1978,SELL,3531678,1071.25"
"ADD,1979,SELL,3182678,1067.95"
"ADD,1980,BUY,3354156,1051.60"
"ADD,1981,SELL,3376882,1047.15"
"ADD,1982,SELL,3245059,1034.95"
"ADD,1983,SELL,5025388,1007.65"
"ADD,1984,SELL,5621862,1016.95"
"ADD,1985,SELL,3186287,1019.20"
"CANCEL,1510"
"ADD,1986,BUY,3691064,1076.30"
"CANCEL,1179"
"ADD,1987,SELL,2121225,1076.05"
"ADD,1988,BUY,4009836,1090.55"
"ADD,1989,BUY,17520006,1075.50"
"ADD,1990,SELL,4890040,1070.70"
"CANCEL,1237"
"ADD,1991,BUY,5988404,1106.05"
"ADD,1992,BUY,3453926,1103.15"
"CANCEL,1741"
"ADD,1993,SELL,7495359,1084.35"
"ADD,1994,BUY,3511078,1088.60"
"ADD,1995,BUY,5610718,1121.70"
"ADD,1996,SELL,4289733,1110.75"
"ADD,1997,SELL,3239525,1099.50"
"ADD,1998,SELL,2986363,1085.00"
"ADD,1999,SELL,4418747,1077.50"
"CANCEL,1142"
"ADD,2000,SELL,9113512,1053.85"
"ADD,2001,SELL,3061478,1042.05"
"CANCEL,1664"
"ADD,2002,BUY,7594324,1037.15"
"ADD,2003,SELL,5333541,1046.20"
"ADD,2004,SELL,2773369,1045.40"
"CANCEL,1617"
"ADD,2005,BUY,3440695,1033.95"
"ADD,2006,SELL,2737193,1019.15"
"ADD,2007,SELL,6830723,981.70"
"ADD,2008,BUY,647435,993.75"
"CANCEL,1039"
"ADD,2009,SELL,3266918,993.25"
"ADD,2010,SELL,4174214,985.10"
"ADD,2011,BUY,5360299,1015.15"
"ADD,2012,SELL,3085557,1010.00"
"ADD,2013,SELL,2301434,1017.75"
"ADD,2014,SELL,3572783,1032.55"
"ADD,2015,BUY,4533745,997.80"
"ADD,2016,BUY,4058388,983.20"
"CANCEL,1439"
"ADD,2017,SELL,2966309,975.35"
"CANCEL,1685"
"ADD,2018,BUY,4332580,963.10"
"ADD,2019,SELL,5161233,978.95"
"ADD,2020,BUY,4162636,983.20"
"CANCEL,1457"
"ADD,2021,SELL,4750237,1014.00"
"ADD,2022,BUY,2691454,1009.80"
"ADD,2023,BUY,2729580,1004.10"
"ADD,2024,SELL,3990953,990.35"
"ADD,2025,SELL,5670503,1008.75"
"CANCEL,308"
"ADD,2026,SELL,5105006,1021.60"
"ADD,2027,SELL,4144602,1028.05"
"CANCEL,1446"
"ADD,2028,BUY,4937276,1069.70"
"ADD,2029,SELL,3495591,1076.95"
"ADD,2030,BUY,4511717,1092.05"
"ADD,2031,BUY,4678751,1073.95"
"CANCEL,1169"
"CANCEL,1889"
"CANCEL,860"
"ADD,2032,BUY,4628760,1093.30"
"ADD,2033,SELL,4329090,1088.15"
"CANCEL,688"
"ADD,2034,BUY,2861856,1092.05"
"ADD,2035,BUY,4551762,1125.90"
"ADD,2036,SELL,2853138,1123.20"
"ADD,2037,BUY,4621626,1129.70"
"ADD,2038,BUY,3365528,1106.55"
"ADD,2039,SELL,3846259,1124.70"
"ADD,2040,BUY,2902957,1127.35"
"ADD,2041,BUY,3193600,1120.90"
"ADD,2042,BUY,5551581,1090.70"
"ADD,2043,SELL,4158779,1084.25"
"ADD,2044,SELL,3746293,1061.80"
"CANCEL,1286"
"ADD,2045,BUY,4385951,1054.10"
"ADD,2046,BUY,5851352,1075.75"
"CANCEL,1761"
"ADD,2047,SELL,3806402,1071.25"
"ADD,2048,BUY,3193352,1061.25"
"ADD,2049,BUY,9168538,1017.25"
"ADD,2050,BUY,5359600,1035.05"
"ADD,2051,SELL,3616419,1033.60"
"ADD,2052,SELL,2865346,1023.75"
"CANCEL,1654"
"ADD,2053,SELL,3423392,1020.65"
"ADD,2054,SELL,5454783,1007.85"
"CANCEL,1256"
"ADD,2055,BUY,8697783,1079.40"
"ADD,2056,SELL,6017564,1067.80"
"ADD,2057,SELL,3496020,1082.95"
"ADD,2058,BUY,2731043,1071.80"
"CANCEL,1520"
"ADD,2059,BUY,4711513,1016.55"
"ADD,2060,SELL,3530511,1020.60"
"ADD,2061,BUY,5965445,998.65"
"ADD,2062,BUY,4246454,999.95"
"ADD,2063,BUY,4381347,995.55"
"CANCEL,1333"
"ADD,2064,SELL,5770796,985.65"
"ADD,2065,BUY,3137663,1008.05"
"ADD,2066,SELL,6264345,1022.25"
"ADD,2067,SELL,4008272,1036.65"
"ADD,2068,SELL,3782780,1045.60"
"ADD,2069,BUY,4449630,1010.55"
"CANCEL,1470"
"CANCEL,505"
"ADD,2070,BUY,3220285,1031.20"
"ADD,2071,BUY,3086645,1007.75"
"ADD,2072,BUY,3480569,996.40"
"ADD,2073,BUY,3484176,1007.05"
"ADD,2074,SELL,3191686,1015.35"
"ADD,2075,SELL,5327604,1046.40"
"ADD,2076,BUY,3632863,1063.50"
"ADD,2077,SELL,4341443,1066.10"
"ADD,2078,SELL,2704841,1057.95"
"ADD,2079,SELL,4811174,1071.40"
"ADD,2080,BUY,8749692,1054.35"
"ADD,2081,SELL,2695660,1065.65"
"ADD,2082,BUY,2950749,1063.80"
"ADD,2083,SELL,2665095,1058.70"
"ADD,2084,BUY,4298567,1052.05"
"ADD,2085,SELL,4646050,1062.95"
"ADD,2086,SELL,7194118,1090.15"
"ADD,2087,SELL,3249076,1067.45"
"ADD,2088,SELL,6088910,1089.85"
"ADD,2089,BUY,3042649,1076.25"
"ADD,2090,SELL,2502708,1068.95"
"ADD,2091,SELL,1462821,1068.30"
"ADD,2092,SELL,2115540,1073.90"
"ADD,2093,BUY,3140408,1053.55"
"ADD,2094,SELL,2737949,1057.10"
"ADD,2095,SELL,2965846,1057.65"
"ADD,2096,BUY,2871831,1056.25"
"ADD,2097,SELL,3438642,1074.30"
"ADD,2098,SELL,3650519,1070.45"
"CANCEL,1429"
"ADD,2099,BUY,2006855,1062.95"
"ADD,2100,BUY,2242066,1056.05"
"ADD,2101,BUY,1564673,1052.95"
"ADD,2102,BUY,2245764,1058.40"
"ADD,2103,BUY,3629863,1059.00"
"ADD,2104,BUY,3152167,1060.45"
"ADD,2105,SELL,2083245,1053.10"
"CANCEL,1059"
"ADD,2106,BUY,12098248,1021.25"
"ADD,2107,BUY,10579193,1010.15"
"ADD,2108,SELL,4398414,1009.65"
"ADD,2109,BUY,2897730,1014.55"
"ADD,2110,SELL,4595476,1027.75"
"ADD,2111,BUY,4187240,1016.05"
"ADD,2112,BUY,4184906,1007.05"
"ADD,2113,BUY,4561587,1000.10"
"ADD,2114,BUY,5086803,993.60"
"ADD,2115,BUY,4569314,987.90"
"ADD,2116,BUY,5009919,983.25"
"ADD,2117,BUY,5694088,972.60"
"ADD,2118,BUY,6974575,979.10"
"ADD,2119,SELL,3206742,976.90"
"ADD,2120,BUY,3380458,970.65"
"ADD,2121,BUY,5682424,964.60"
"ADD,2122,SELL,4723202,977.20"
"ADD,2123,BUY,4799377,988.65"
"ADD,2124,SELL,3095800,976.90"
"ADD,2125,BUY,4406206,972.40"
"ADD,2126,SELL,4256327,967.80"
"ADD,2127,BUY,6362576,956.45"
"ADD,2128,BUY,5558199,949.60"
"ADD,2129,SELL,2722106,947.95"
"ADD,2130,SELL,10653128,919.20"
"ADD,2131,SELL,6374456,936.20"
"CANCEL,1832"
"ADD,2132,SELL,3300811,925.70"
"ADD,2133,BUY,7755451,952.65"
"ADD,2134,SELL,6487124,962.30"
"ADD,2135,BUY,2659076,959.60"
"ADD,2136,SELL,2311961,958.55"
"CANCEL,1283"
"ADD,2137,BUY,4451190,988.15"
"ADD,2138,BUY,7670039,1013.90"
"ADD,2139,SELL,4238156,1000.35"
"ADD,2140,SELL,7304408,1027.35"
"ADD,2141,BUY,6953447,1041.40"
"ADD,2142,SELL,4880691,1035.15"
"ADD,2143,BUY,5914047,1020.05"
"CANCEL,1840"
"ADD,2144,SELL,5181769,1001.65"
"ADD,2145,BUY,3763708,1010.20"
"ADD,2146,BUY,4499090,998.50"
"ADD,2147,SELL,4066504,999.00"
"ADD,2148,SELL,6624729,987.25"
"ADD,2149,BUY,4366861,1007.90"
"ADD,2150,BUY,4837519,1017.85"
"ADD,2151,SELL,5243466,1023.85"
"ADD,2152,SELL,6431802,1044.95"
"ADD,2153,BUY,7211287,1039.15"
"CANCEL,2088"
"ADD,2154,BUY,5896732,1069.20"
"ADD,2155,BUY,3195565,1055.60"
"ADD,2156,BUY,5478523,1073.05"
"ADD,2157,SELL,5580792,1059.00"
"ADD,2158,SELL,2652016,1040.35"
"ADD,2159,SELL,5076676,1047.45"
"ADD,2160,BUY,4246988,1044.40"
"ADD,2161,BUY,4167720,1049.45"
"ADD,2162,BUY,8520014,1081.65"
"ADD,2163,BUY,4486466,1081.80"
"CANCEL,1811"
"CANCEL,497"
"CANCEL,1262"
"ADD,2164,BUY,8271973,1082.00"
"ADD,2165,BUY,6794099,1096.25"
"ADD,2166,BUY,6973910,1093.20"
"ADD,2167,BUY,4654108,1074.85"
"CANCEL,533"
"ADD,2168,SELL,5557273,1105.05"
"ADD,2169,BUY,1458927,1105.70"
"ADD,2170,SELL,5112060,1111.85"
"ADD,2171,SELL,3522480,1108.55"
"ADD,2172,SELL,2719925,1102.20"
"CANCEL,1270"
"ADD,2173,SELL,4373231,1061.85"
"ADD,2174,SELL,3676745,1054.70"
"ADD,2175,BUY,4533561,1030.50"
"ADD,2176,BUY,5206393,1032.95"
"CANCEL,425"
"ADD,2177,SELL,4333195,1012.25"
"ADD,2178,SELL,7569264,995.60"
"ADD,2179,BUY,4503970,996.05"
"ADD,2180,SELL,6654697,979.50"
"ADD,2181,BUY,7003643,962.35"
"ADD,2182,BUY,5350926,998.40"
"CANCEL,1534"
"ADD,2183,BUY,4280638,988.80"
"ADD,2184,BUY,5676667,1011.15"
"ADD,2185,BUY,4489664,1005.90"
"ADD,2186,BUY,4066554,1020.15"
"ADD,2187,SELL,5119800,1030.75"
"ADD,2188,BUY,3885305,1020.55"
"ADD,2189,BUY,7249786,984.50"
"CANCEL,2123"
"ADD,2190,SELL,3848074,1041.75"
"ADD,2191,SELL,4590209,1055.25"
"ADD,2192,SELL,4899915,1053.90"
"ADD,2193,BUY,3550077,1056.85"
"ADD,2194,BUY,3624895,1056.75"
"ADD,2195,BUY,3677847,1073.15"
"CANCEL,1937"
"ADD,2196,BUY,3335014,1059.40"
"ADD,2197,BUY,2160796,1059.70"
"ADD,2198,BUY,1321679,1055.25"
"ADD,2199,SELL,2024641,1047.90"
"CANCEL,602"
"ADD,2200,SELL,3328572,1051.20"
"ADD,2201,SELL,2279759,1058.70"
"ADD,2202,BUY,2379838,1055.60"
"ADD,2203,BUY,5033831,1077.10"
"ADD,2204,BUY,5930189,1075.80"
"ADD,2205,SELL,4974697,1085.60"
"CANCEL,492"
"ADD,2206,SELL,4223855,1033.45"
"ADD,2207,BUY,4833870,1013.75"
"ADD,2208,SELL,5301987,1030.80"
"CANCEL,1375"
"ADD,2209,BUY,4368638,1001.50"
"ADD,2210,SELL,3210798,997.90"
"ADD,2211,BUY,3399381,994.85"
"ADD,2212,SELL,5369775,980.15"
"ADD,2213,BUY,9450384,969.85"
"ADD,2214,BUY,4463927,986.80"
"ADD,2215,SELL,5084310,971.60"
"ADD,2216,SELL,4646080,958.50"
"CANCEL,1168"
"CANCEL,1214"
"CANCEL,1682"
"ADD,2217,BUY,8663045,895.50"
"ADD,2218,BUY,6506784,921.30"
"ADD,2219,SELL,3896824,943.90"
"ADD,2220,BUY,4735179,920.00"
"ADD,2221,SELL,3334195,929.05"
"CANCEL,448"
"ADD,2222,BUY,8738283,914.30"
"ADD,2223,SELL,6479831,899.65"
"CANCEL,503"
"ADD,2224,BUY,6890857,914.80"
"CANCEL,1431"
"CANCEL,2213"
"ADD,2225,SELL,3221065,953.95"
"ADD,2226,BUY,3599714,935.55"
"CANCEL,1676"
"ADD,2227,SELL,20326289,984.85"
"ADD,2228,SELL,7128252,995.65"
"ADD,2229,BUY,7521221,964.20"
"ADD,2230,BUY,3451930,966.25"
"ADD,2231,BUY,5140248,964.25"
"ADD,2232,BUY,2885282,988.85"
"ADD,2233,SELL,4461643,977.40"
"ADD,2234,BUY,3524743,982.20"
"ADD,2235,BUY,2702156,977.05"
"CANCEL,1651"
"ADD,2236,BUY,7422840,993.85"
"CANCEL,1180"
"ADD,2237,BUY,3428848,992.05"
"ADD,2238,BUY,6585771,1018.35"
"ADD,2239,SELL,12902924,1037.25"
"CANCEL,1221"
"ADD,2240,BUY,2830269,1030.85"
"CANCEL,365"
"ADD,2241,SELL,3553732,990.30"
"ADD,2242,SELL,2238646,999.65"
"CANCEL,2193"
"ADD,2243,BUY,2567887,1010.30"
"ADD,2244,BUY,3518453,1026.60"
"ADD,2245,BUY,4361259,1025.70"
"ADD,2246,BUY,4137811,1022.75"
"ADD,2247,BUY,2801842,1032.50"
"ADD,2248,BUY,7201048,1049.10"
"CANCEL,230"
"CANCEL,2225"
"ADD,2249,SELL,2458823,1047.65"
"ADD,2250,BUY,2076283,1044.85"
"ADD,2251,SELL,2323242,1041.90"
"ADD,2252,SELL,2742024,1023.90"
"CANCEL,67"
"CANCEL,1497"
"ADD,2253,BUY,3240001,1020.95"
"ADD,2254,BUY,3381601,1009.15"
"ADD,2255,BUY,2748246,1011.65"
"ADD,2256,SELL,2357930,1025.90"
"ADD,2257,BUY,3413753,1040.60"
"CANCEL,321"
"ADD,2258,BUY,4035044,1001.15"
"ADD,2259,SELL,5648346,986.10"
"ADD,2260,BUY,8163236,972.40"
"ADD,2261,SELL,3414200,983.75"
"ADD,2262,BUY,3110913,964.75"
"CANCEL,467"
"ADD,2263,BUY,2667162,947.65"
"CANCEL,1966"
"CANCEL,255"
"ADD,2264,SELL,1831616,959.30"
"ADD,2265,SELL,1861439,950.75"
"CANCEL,1238"
"CANCEL,2049"
"ADD,2266,SELL,3178684,948.00"
"ADD,2267,SELL,1601945,945.00"
"CANCEL,163"
"ADD,2268,BUY,5672247,901.85"
"ADD,2269,BUY,4131089,915.50"
"ADD,2270,BUY,3171245,923.20"
"ADD,2271,BUY,3391416,909.40"
"ADD,2272,SELL,2538967,915.75"
"ADD,2273,SELL,2997245,906.00"
"ADD,2274,SELL,6857905,933.85"
"ADD,2275,BUY,3459497,945.45"
"ADD,2276,BUY,1729109,938.85"
"ADD,2277,BUY,3219213,951.85"
"ADD,2278,BUY,1838452,946.80"
"CANCEL,985"
"ADD,2279,BUY,4368279,934.60"
"ADD,2280,SELL,1405741,937.75"
"CANCEL,1571"
"ADD,2281,BUY,3247038,949.20"
"CANCEL,1880"
"ADD,2282,BUY,2530136,944.50"
"CANCEL,2068"
"ADD,2283,BUY,4335560,911.35"
"ADD,2284,SELL,4607486,900.55"
"ADD,2285,SELL,5707528,887.55"
"ADD,2286,BUY,5035618,868.75"
"ADD,2287,BUY,6926078,833.25"
"ADD,2288,SELL,3980489,848.65"
"ADD,2289,SELL,4596259,845.80"
"ADD,2290,SELL,4734842,870.50"
"ADD,2291,SELL,7239303,871.40"
"ADD,2292,SELL,3280025,871.55"
"ADD,2293,BUY,2336039,871.10"
"ADD,2294,BUY,2841435,885.25"
"ADD,2295,SELL,4970476,898.50"
"ADD,2296,SELL,6555284,861.95"
"ADD,2297,BUY,3771511,868.40"
"ADD,2298,SELL,7727430,845.95"
"ADD,2299,BUY,6143838,852.90"
"ADD,2300,BUY,4603204,870.70"
"CANCEL,1824"
"ADD,2301,BUY,2194126,853.30"
"CANCEL,690"
"ADD,2302,SELL,3892719,865.45"
"CANCEL,178"
"ADD,2303,SELL,2332976,873.20"
"ADD,2304,BUY,1504709,867.60"
"ADD,2305,BUY,2245330,879.45"
"ADD,2306,BUY,2555594,876.20"
"ADD,2307,SELL,1802647,860.85"
"ADD,2308,SELL,3498193,873.35"
"ADD,2309,SELL,5007164,882.85"
"CANCEL,1706"
"CANCEL,2058"
"ADD,2310,BUY,7154511,837.35"
"ADD,2311,SELL,4890181,827.95"
"ADD,2312,BUY,3255486,830.85"
"ADD,2313,SELL,3787775,837.30"
"ADD,2314,BUY,3219680,825.05"
"CANCEL,1148"
"ADD,2315,SELL,5994097,792.00"
"ADD,2316,BUY,5084300,780.65"
"ADD,2317,BUY,7463019,765.30"
"ADD,2318,SELL,4056543,772.75"
"ADD,2319,BUY,2489305,772.20"
"ADD,2320,SELL,3936767,760.90"
"CANCEL,2067"
"CANCEL,1174"
"ADD,2321,SELL,3914915,741.20"
"ADD,2322,BUY,4663092,732.55"
"ADD,2323,SELL,3552807,757.00"
"ADD,2324,SELL,4008613,765.25"
"ADD,2325,BUY,2968791,761.30"
"ADD,2326,BUY,4849218,753.50"
"ADD,2327,SELL,4457788,719.40"
"ADD,2328,SELL,4186930,755.05"
"ADD,2329,SELL,7821448,782.60"
"ADD,2330,SELL,7791545,805.45"
"ADD,2331,BUY,4567377,788.85"
"ADD,2332,SELL,7162305,821.50"
"CANCEL,2056"
"CANCEL,1302"
"ADD,2333,SELL,6757863,825.75"
"ADD,2334,BUY,4246961,806.30"
"ADD,2335,BUY,5806114,810.25"
"ADD,2336,SELL,4694876,825.40"
"CANCEL,857"
"ADD,2337,BUY,6128496,825.65"
"ADD,2338,SELL,2924971,821.55"
"ADD,2339,SELL,4214600,851.80"
"ADD,2340,SELL,3892821,837.60"
"CANCEL,2133"
"ADD,2341,BUY,8803427,770.60"
"ADD,2342,BUY,6217951,759.20"
"ADD,2343,SELL,5039564,797.20"
"ADD,2344,BUY,5722488,797.20"
"ADD,2345,SELL,7203038,807.70"
"ADD,2346,SELL,7987653,808.35"
"ADD,2347,SELL,4825259,788.20"
"CANCEL,1733"
"ADD,2348,BUY,4739596,767.00"
"ADD,2349,BUY,4551326,802.90"
"CANCEL,2161"
"ADD,2350,SELL,3592510,827.00"
"ADD,2351,BUY,3947624,849.65"
"ADD,2352,BUY,4195352,846.90"
"ADD,2353,SELL,4085035,866.90"
"CANCEL,27"
"ADD,2354,SELL,4182965,819.90"
"ADD,2355,BUY,2713867,843.00"
"ADD,2356,BUY,2279371,838.70"
"ADD,2357,BUY,2364175,835.75"
"ADD,2358,BUY,2075894,846.50"
"ADD,2359,BUY,5197046,875.95"
"ADD,2360,SELL,737231,873.60"
"ADD,2361,BUY,5606883,900.00"
"ADD,2362,SELL,3628082,877.55"
"ADD,2363,BUY,3745221,860.60"
"ADD,2364,BUY,3143275,871.80"
"ADD,2365,SELL,3666997,885.90"
"ADD,2366,SELL,4171957,879.95"
"ADD,2367,BUY,2313308,883.70"
"CANCEL,1388"
"ADD,2368,BUY,4969253,885.35"
"CANCEL,1327"
"ADD,2369,BUY,2262503,861.45"
"ADD,2370,SELL,3043186,848.10"
"ADD,2371,SELL,5538055,809.95"
"ADD,2372,SELL,4958044,808.10"
"CANCEL,2241"
"ADD,2373,SELL,4382352,795.20"
"ADD,2374,SELL,5419769,773.40"
"ADD,2375,BUY,6367715,773.15"
"ADD,2376,BUY,3699725,753.80"
"ADD,2377,SELL,2522069,783.80"
"ADD,2378,SELL,4803440,765.00"
"ADD,2379,BUY,4569146,778.25"
"ADD,2380,SELL,4714967,799.00"
"ADD,2381,SELL,4479880,812.05"
"ADD,2382,BUY,3160834,806.75"
"ADD,2383,SELL,3514150,809.80"
"ADD,2384,BUY,4442697,778.85"
"ADD,2385,SELL,5044876,755.70"
"CANCEL,1293"
"CANCEL,610"
"ADD,2386,SELL,5304706,741.90"
"ADD,2387,BUY,6611139,750.15"
"ADD,2388,BUY,5828713,721.85"
"ADD,2389,SELL,4714116,735.30"
"ADD,2390,SELL,5550563,713.45"
"ADD,2391,BUY,4563405,748.00"
"ADD,2392,SELL,4473719,754.55"
"ADD,2393,SELL,3511075,746.40"
"CANCEL,1392"
"ADD,2394,SELL,3074308,753.05"
"CANCEL,1177"
"ADD,2395,SELL,5449524,711.90"
"ADD,2396,SELL,6662330,692.95"
"ADD,2397,SELL,4299217,706.55"
"ADD,2398,BUY,4683491,724.65"
"CANCEL,1770"
"ADD,2399,BUY,6619586,699.50"
"ADD,2400,BUY,4703147,717.55"
"ADD,2401,SELL,460231,714.75"
"ADD,2402,SELL,4202878,706.25"
"ADD,2403,SELL,4507724,736.20"
"ADD,2404,SELL,4842143,748.25"
"ADD,2405,BUY,3251624,736.90"
"ADD,2406,BUY,4692930,731.80"
"ADD,2407,BUY,4067488,712.95"
"CANCEL,2286"
"ADD,2408,BUY,9248756,779.75"
"ADD,2409,SELL,5483508,785.65"
"ADD,2410,SELL,7251864,792.65"
"ADD,2411,BUY,6457585,771.55"
"ADD,2412,SELL,5095499,783.75"
"ADD,2413,BUY,3837205,790.95"
"ADD,2414,BUY,5565491,820.40"
"ADD,2415,SELL,4829091,794.75"
"ADD,2416,SELL,6264462,817.10"
"ADD,2417,SELL,3776806,831.20"
"ADD,2418,BUY,4901979,829.25"
"ADD,2419,SELL,4569209,838.30"
"ADD,2420,SELL,3984412,833.00"
"ADD,2421,BUY,4815977,844.55"
"ADD,2422,BUY,3647626,858.40"
"ADD,2423,BUY,4309191,853.85"
"ADD,2424,BUY,3417975,843.25"
"ADD,2425,BUY,3493699,849.25"
"ADD,2426,BUY,3134221,848.90"
"ADD,2427,BUY,7182317,836.65"
"CANCEL,2072"
"ADD,2428,SELL,8211325,818.20"
"ADD,2429,SELL,8333665,843.55"
"ADD,2430,BUY,5748129,833.40"
"ADD,2431,BUY,4367293,839.60"
"CANCEL,86"
"CANCEL,845"
"ADD,2432,SELL,5289418,796.50"
"CANCEL,2294"
"ADD,2433,BUY,2962594,810.95"
"ADD,2434,SELL,2900087,814.10"
"CANCEL,373"
"ADD,2435,SELL,2988613,797.50"
"ADD,2436,SELL,8029991,776.55"
"ADD,2437,BUY,6446729,761.80"
"ADD,2438,SELL,3942927,773.80"
"ADD,2439,SELL,3438333,798.55"
"ADD,2440,SELL,3684077,819.95"
"ADD,2441,SELL,4028509,814.50"
"CANCEL,525"
"CANCEL,1721"
"ADD,2442,BUY,3652448,755.10"
"ADD,2443,SELL,2389920,760.55"
"ADD,2444,BUY,3248548,768.05"
"ADD,2445,SELL,6684658,736.35"
"ADD,2446,BUY,6161836,744.05"
"ADD,2447,SELL,5288348,730.10"
"ADD,2448,SELL,6216251,731.05"
"ADD,2449,SELL,4131114,725.70"
"ADD,2450,SELL,5480717,724.65"
"ADD,2451,SELL,3949204,750.60"
"ADD,2452,BUY,2564862,740.55"
"ADD,2453,BUY,4003770,752.70"
"CANCEL,2426"
"ADD,2454,BUY,2608520,742.15"
"ADD,2455,SELL,1913265,742.65"
"ADD,2456,BUY,3726842,730.30"
"CANCEL,745"
"ADD,2457,SELL,3249224,751.55"
"ADD,2458,SELL,2404246,748.10"
"ADD,2459,BUY,3175927,746.40"
"ADD,2460,BUY,3428345,748.60"
"CANCEL,694"
"ADD,2461,BUY,3410977,730.85"
"ADD,2462,SELL,5053199,736.30"
"CANCEL,1472"
"ADD,2463,SELL,3105631,736.30"
"ADD,2464,SELL,3469984,745.05"
"ADD,2465,BUY,2857701,742.00"
"ADD,2466,SELL,184780,739.95"
"ADD,2467,SELL,2776770,745.10"
"ADD,2468,SELL,2861902,743.55"
"ADD,2469,SELL,1897162,738.85"
"CANCEL,385"
"ADD,2470,SELL,4591050,715.70"
"ADD,2471,BUY,3885415,708.35"
"ADD,2472,BUY,3670660,695.10"
"ADD,2473,SELL,3391819,694.15"
"ADD,2474,SELL,3042510,697.20"
"CANCEL,2443"
"CANCEL,1856"
"ADD,2475,BUY,3101760,676.10"
"ADD,2476,BUY,3560488,685.15"
"ADD,2477,SELL,2363960,688.55"
"ADD,2478,SELL,2334127,695.50"
"ADD,2479,SELL,2938047,691.10"
"ADD,2480,SELL,2583348,686.85"
"CANCEL,2352"
"CANCEL,438"
"ADD,2481,SELL,2575102,701.65"
"ADD,2482,SELL,3434316,701.85"
"ADD,2483,BUY,3521032,706.25"
"ADD,2484,SELL,9024961,705.60"
"ADD,2485,SELL,4096569,685.25"
"ADD,2486,BUY,3261847,692.75"
"ADD,2487,BUY,3036638,702.55"
"ADD,2488,BUY,5315222,715.90"
"ADD,2489,BUY,6387716,721.25"
"ADD,2490,SELL,2907005,729.70"
"ADD,2491,SELL,2275396,722.25"
"ADD,2492,BUY,2734310,722.95"
"CANCEL,1299"
"ADD,2493,SELL,1709717,716.35"
"CANCEL,135"
"ADD,2494,BUY,2293698,718.90"
"ADD,2495,SELL,1783875,737.45"
"ADD,2496,BUY,2357462,737.40"
"ADD,2497,BUY,5168092,718.70"
"CANCEL,1273"
"CANCEL,1162"
"ADD,2498,BUY,3676587,723.50"
"ADD,2499,SELL,1761932,722.50"
"ADD,2500,SELL,2720915,719.90"
"ADD,2501,SELL,3833575,737.85"
"ADD,2502,SELL,1561673,737.40"
"ADD,2503,SELL,2353246,736.35"
"ADD,2504,SELL,2136594,734.25"
"CANCEL,2113"
"ADD,2505,BUY,2116579,734.85"
"ADD,2506,SELL,1782674,731.80"
"ADD,2507,SELL,1365637,739.70"
"ADD,2508,SELL,2728637,725.65"
"ADD,2509,BUY,2301028,721.20"
"ADD,2510,SELL,2599717,718.50"
"CANCEL,2376"
"CANCEL,2414"
"ADD,2511,SELL,1955014,715.80"
"ADD,2512,BUY,2670132,727.80"
"ADD,2513,BUY,2836027,722.65"
"CANCEL,1647"
"ADD,2514,SELL,1836693,724.50"
"ADD,2515,SELL,1999696,719.25"
"ADD,2516,SELL,3204015,710.15"
"ADD,2517,BUY,3078195,721.00"
"ADD,2518,SELL,1591825,729.60"
"ADD,2519,SELL,3081258,743.60"
"CANCEL,1795"
"ADD,2520,SELL,1822852,739.55"
"ADD,2521,SELL,2501572,742.55"
"ADD,2522,BUY,8545516,786.05"
"ADD,2523,BUY,4496299,783.75"
"ADD,2524,SELL,4199284,790.80"
"ADD,2525,BUY,2914451,780.15"
"ADD,2526,SELL,2440868,782.10"
"ADD,2527,SELL,1413458,788.15"
"CANCEL,1032"
"ADD,2528,BUY,4944737,816.15"
"ADD,2529,SELL,3275638,816.10"
"ADD,2530,BUY,2527532,814.25"
"ADD,2531,SELL,1999746,807.80"
"CANCEL,2369"
"ADD,2532,BUY,3455630,782.10"
"ADD,2533,BUY,2092529,787.35"
"ADD,2534,SELL,2005624,790.20"
"ADD,2535,SELL,2021201,782.15"
"ADD,2536,SELL,6227911,783.40"
"ADD,2537,SELL,3378863,766.40"
"ADD,2538,BUY,2237861,763.05"
"ADD,2539,SELL,2001239,779.60"
"ADD,2540,BUY,3012632,771.15"
"ADD,2541,SELL,1212105,768.20"
"ADD,2542,SELL,3159455,791.75"
"CANCEL,2482"
"ADD,2543,BUY,2006068,792.05"
"ADD,2544,SELL,3122198,791.00"
"ADD,2545,BUY,1776753,798.10"
"ADD,2546,BUY,2669369,799.15"
"ADD,2547,BUY,8300472,841.75"
"ADD,2548,SELL,9698936,873.75"
"ADD,2549,SELL,3953604,855.60"
"ADD,2550,SELL,3499635,832.50"
"ADD,2551,SELL,8214274,850.30"
"ADD,2552,BUY,3407033,836.35"
"ADD,2553,BUY,3163188,839.75"
"ADD,2554,SELL,3807711,844.75"
"ADD,2555,SELL,6953585,829.85"
"ADD,2556,SELL,3227049,837.20"
"ADD,2557,BUY,1991469,833.50"
"ADD,2558,BUY,5006639,846.10"
"ADD,2559,SELL,2886232,852.90"
"ADD,2560,BUY,3592138,857.80"
"ADD,2561,SELL,4775793,819.40"
"CANCEL,2412"
"ADD,2562,BUY,2144325,816.00"
"CANCEL,295"
"ADD,2563,SELL,2429045,818.90"
"ADD,2564,BUY,2555825,823.05"
"ADD,2565,SELL,5068137,812.45"
"ADD,2566,BUY,4780912,805.15"
"ADD,2567,BUY,6080686,811.30"
"ADD,2568,BUY,2891282,802.80"
"ADD,2569,BUY,3237961,815.60"
"ADD,2570,BUY,2170107,809.95"
"ADD,2571,SELL,4127449,810.40"
"ADD,2572,BUY,1936406,798.95"
"ADD,2573,SELL,2511242,811.20"
"ADD,2574,SELL,2134370,803.25"
"CANCEL,1574"
"ADD,2575,BUY,4201156,807.10"
"ADD,2576,SELL,2639614,807.95"
"CANCEL,965"
"ADD,2577,BUY,3531643,805.45"
"ADD,2578,SELL,2381384,800.85"
"ADD,2579,SELL,2837737,796.60"
"CANCEL,1274"
"CANCEL,738"
"ADD,2580,SELL,765533,789.60"
"ADD,2581,SELL,3486440,784.60"
"ADD,2582,SELL,3281968,775.15"
"ADD,2583,BUY,4737114,774.30"
"ADD,2584,SELL,2156459,765.35"
"ADD,2585,SELL,1968764,771.20"
"ADD,2586,BUY,2397131,765.85"
"ADD,2587,SELL,1707395,773.75"
"ADD,2588,BUY,1038412,773.65"
"CANCEL,1593"
"ADD,2589,BUY,4483489,798.30"
"ADD,2590,BUY,4170481,793.70"
"ADD,2591,SELL,2359017,804.00"
"ADD,2592,SELL,3492574,824.70"
"ADD,2593,BUY,3089629,832.60"
"ADD,2594,SELL,2636685,843.90"
"ADD,2595,BUY,3014740,834.60"
"CANCEL,1767"
"ADD,2596,BUY,3715258,820.05"
"ADD,2597,SELL,2314044,832.60"
"ADD,2598,BUY,2652270,834.25"
"ADD,2599,BUY,2045918,839.25"
"ADD,2600,SELL,1656401,834.15"
"ADD,2601,BUY,1827793,831.40"
"ADD,2602,SELL,1993015,839.50"
"CANCEL,2303"
"ADD,2603,BUY,2149301,825.25"
"ADD,2604,BUY,1303847,820.70"
"ADD,2605,BUY,1331218,828.25"
"ADD,2606,BUY,3680616,817.70"
"ADD,2607,SELL,3326023,840.25"
"ADD,2608,BUY,2224287,839.55"
"ADD,2609,SELL,1561532,840.70"
"ADD,2610,BUY,3072592,847.95"
"ADD,2611,SELL,3946902,860.75"
"ADD,2612,BUY,3041614,861.85"
"ADD,2613,BUY,3498964,856.60"
"ADD,2614,SELL,3194175,850.65"
"ADD,2615,BUY,3902332,852.70"
"ADD,2616,BUY,2112066,850.05"
"ADD,2617,SELL,1840162,839.90"
"ADD,2618,SELL,1614000,847.55"
"CANCEL,2567"
"ADD,2619,SELL,4469088,861.35"
"ADD,2620,SELL,5055697,890.00"
"CANCEL,1554"
"ADD,2621,SELL,10047910,919.95"
"ADD,2622,BUY,4266371,920.05"
"ADD,2623,BUY,2674869,923.05"
"CANCEL,1248"
"ADD,2624,BUY,3220389,912.20"
"ADD,2625,BUY,3063239,897.55"
"CANCEL,2576"
"ADD,2626,SELL,4032649,899.40"
"ADD,2627,BUY,3825017,886.65"
"ADD,2628,SELL,1863597,894.00"
"ADD,2629,SELL,3130914,886.70"
"ADD,2630,SELL,2219184,874.75"
"ADD,2631,SELL,2257604,875.65"
"CANCEL,2395"
"ADD,2632,BUY,2190791,863.55"
"ADD,2633,SELL,1904074,868.40"
"ADD,2634,BUY,2223818,875.45"
"ADD,2635,BUY,2407720,879.00"
"ADD,2636,SELL,2808132,856.05"
"ADD,2637,SELL,3289431,845.80"
"ADD,2638,BUY,1213793,847.50"
"ADD,2639,BUY,2212004,848.40"
"ADD,2640,SELL,3399774,874.80"
"ADD,2641,BUY,3706369,859.20"
"ADD,2642,SELL,2223041,862.60"
"ADD,2643,SELL,2258056,854.35"
"ADD,2644,BUY,3080139,823.50"
"CANCEL,2203"
"ADD,2645,SELL,6324405,813.85"
"ADD,2646,BUY,3178835,810.40"
"ADD,2647,BUY,3416863,812.60"
"CANCEL,199"
"ADD,2648,BUY,2463693,835.25"
"ADD,2649,SELL,2406954,836.50"
"ADD,2650,SELL,2315993,851.30"
"CANCEL,205"
"ADD,2651,BUY,1954963,847.85"
"ADD,2652,SELL,2149116,845.00"
"ADD,2653,BUY,3380827,860.05"
"ADD,2654,SELL,2924340,843.65"
"ADD,2655,SELL,1833998,834.30"
"ADD,2656,SELL,4107716,825.00"
"ADD,2657,BUY,4612611,822.70"
"ADD,2658,SELL,3808222,812.60"
"CANCEL,414"
"ADD,2659,SELL,3213575,809.25"
"ADD,2660,BUY,4449515,783.35"
"ADD,2661,BUY,6060564,772.90"
"ADD,2662,SELL,1903323,778.75"
"ADD,2663,SELL,2539732,793.90"
"ADD,2664,SELL,2130749,776.55"
"ADD,2665,SELL,2723719,767.55"
"ADD,2666,SELL,2969243,780.10"
"ADD,2667,BUY,2029499,789.40"
"ADD,2668,SELL,2990299,776.95"
"ADD,2669,SELL,2786488,779.40"
"ADD,2670,SELL,2612370,771.10"
"ADD,2671,SELL,2594372,775.35"
"ADD,2672,SELL,3699483,793.60"
"ADD,2673,BUY,4062976,804.95"
"ADD,2674,SELL,7338828,773.70"
"CANCEL,748"
"ADD,2675,SELL,2923783,789.75"
"ADD,2676,SELL,2824426,803.70"
"ADD,2677,BUY,5925225,819.65"
"ADD,2678,SELL,4766434,792.40"
"ADD,2679,SELL,4793061,792.65"
"ADD,2680,SELL,4011397,788.20"
"CANCEL,1291"
"ADD,2681,BUY,2952640,800.50"
"ADD,2682,BUY,2139146,821.60"
"ADD,2683,SELL,3778450,828.15"
"ADD,2684,BUY,2710630,829.65"
"ADD,2685,BUY,1870391,818.10"
"CANCEL,1760"
"ADD,2686,SELL,111054,814.10"
"CANCEL,2017"
"ADD,2687,BUY,2017950,798.15"
"CANCEL,1099"
"ADD,2688,BUY,3473901,840.65"
"ADD,2689,SELL,2853857,835.50"
"ADD,2690,BUY,3025949,831.15"
"ADD,2691,SELL,2421664,828.60"
"ADD,2692,BUY,2875414,818.75"
"ADD,2693,SELL,2925439,784.45"
"ADD,2694,SELL,1823040,786.45"
"ADD,2695,BUY,4333130,828.30"
"ADD,2696,SELL,4968154,843.40"
"ADD,2697,BUY,5886563,847.90"
"ADD,2698,BUY,4165950,836.80"
"ADD,2699,SELL,3922347,806.30"
"ADD,2700,BUY,3237910,787.90"
"ADD,2701,BUY,3372217,780.20"
"CANCEL,193"
"CANCEL,2196"
"ADD,2702,SELL,2153414,783.60"
"ADD,2703,SELL,2597020,789.35"
"ADD,2704,SELL,3026936,785.60"
"ADD,2705,BUY,2920051,790.80"
"CANCEL,1329"
"CANCEL,1353"
"CANCEL,934"
"ADD,2706,SELL,3579236,823.40"
"ADD,2707,SELL,3961700,831.70"
"ADD,2708,SELL,3982470,798.00"
"ADD,2709,BUY,4682806,792.85"
"ADD,2710,SELL,3728564,792.65"
"ADD,2711,BUY,4396198,803.80"
"ADD,2712,BUY,3808494,803.60"
"ADD,2713,SELL,5886358,830.00"
"ADD,2714,SELL,11002553,862.60"
"ADD,2715,SELL,4685396,885.70"
"CANCEL,655"
"ADD,2716,SELL,2929628,850.85"
"CANCEL,1589"
"ADD,2717,SELL,2915951,880.35"
"ADD,2718,BUY,3258017,866.95"
"ADD,2719,SELL,2953811,874.80"
"ADD,2720,BUY,5083109,856.00"
"ADD,2721,BUY,2598534,870.05"
"ADD,2722,SELL,3285192,889.95"
"CANCEL,1817"
"ADD,2723,BUY,2965797,900.60"
"ADD,2724,SELL,5287638,914.95"
"ADD,2725,SELL,2812387,917.25"
"CANCEL,366"
"ADD,2726,BUY,3876482,909.05"
"ADD,2727,SELL,2841507,909.55"
"ADD,2728,SELL,3151838,909.35"
"ADD,2729,SELL,3618768,890.75"
"ADD,2730,BUY,2186491,890.15"
"ADD,2731,SELL,2091846,885.70"
"ADD,2732,SELL,2604256,857.35"
"ADD,2733,BUY,3610644,872.05"
"ADD,2734,BUY,2530722,850.00"
"ADD,2735,SELL,2930875,857.35"
"ADD,2736,SELL,2870806,861.55"
"ADD,2737,SELL,2837977,841.05"
"ADD,2738,SELL,4296180,872.45"
"ADD,2739,BUY,2598354,865.65"
"CANCEL,2317"
"ADD,2740,BUY,2637165,852.90"
"ADD,2741,BUY,2573906,865.00"
"CANCEL,2388"
"ADD,2742,SELL,3691650,820.25"
"ADD,2743,SELL,2610167,825.35"
"ADD,2744,BUY,3591352,783.60"
"ADD,2745,SELL,5095979,806.10"
"ADD,2746,SELL,3276098,819.50"
"CANCEL,842"
"ADD,2747,SELL,2993270,803.25"
"ADD,2748,SELL,5900451,811.80"
"ADD,2749,SELL,7049010,845.25"
"CANCEL,1590"
"CANCEL,1694"
"ADD,2750,SELL,3960633,831.00"
"ADD,2751,BUY,3045550,849.35"
"ADD,2752,SELL,3258258,862.55"
"ADD,2753,BUY,3439791,868.00"
"ADD,2754,BUY,4227364,890.35"
"CANCEL,2057"
"CANCEL,2385"
"ADD,2755,SELL,2246049,873.00"
"ADD,2756,SELL,2754524,861.75"
"ADD,2757,SELL,2498437,858.15"
"ADD,2758,SELL,3132560,871.95"
"CANCEL,1700"
"ADD,2759,BUY,4197357,881.90"
"ADD,2760,BUY,2028677,874.35"
"ADD,2761,SELL,2823675,874.60"
"ADD,2762,SELL,3993925,849.05"
"ADD,2763,SELL,4543087,838.25"
"ADD,2764,SELL,2744478,839.90"
"ADD,2765,SELL,3639687,822.40"
"CANCEL,1049"
"CANCEL,1674"
"ADD,2766,SELL,2265225,854.40"
"ADD,2767,BUY,2575155,844.05"
"ADD,2768,BUY,2770271,844.95"
"ADD,2769,BUY,2732625,860.90"
"ADD,2770,SELL,2142108,860.00"
"ADD,2771,BUY,2233967,863.35"
"CANCEL,1862"
"ADD,2772,SELL,5266950,867.80"
"ADD,2773,BUY,4026153,880.35"
"ADD,2774,BUY,5069374,905.65"
"ADD,2775,BUY,3461572,913.20"
"ADD,2776,SELL,2342103,904.20"
"CANCEL,2284"
"ADD,2777,SELL,2678332,884.50"
"ADD,2778,BUY,2273430,887.00"
"CANCEL,2706"
"ADD,2779,BUY,3303172,896.80"
"ADD,2780,SELL,2197777,898.15"
"ADD,2781,SELL,4521314,914.70"
"ADD,2782,BUY,2718063,908.25"
"ADD,2783,BUY,425619,908.70"
"CANCEL,1356"
"ADD,2784,BUY,2198926,898.60"
"ADD,2785,BUY,2238424,885.90"
"ADD,2786,BUY,2001425,875.95"
"CANCEL,2508"
"CANCEL,1993"
"ADD,2787,BUY,1918164,844.40"
"ADD,2788,SELL,1835838,851.65"
"CANCEL,1768"
"ADD,2789,BUY,1928073,878.35"
"CANCEL,1413"
"ADD,2790,BUY,2620866,847.60"
"ADD,2791,SELL,1710289,843.75"
"ADD,2792,SELL,2303754,851.70"
"ADD,2793,SELL,3192390,841.25"
"ADD,2794,BUY,2610836,837.95"
"ADD,2795,BUY,2867965,847.95"
"ADD,2796,BUY,2259353,853.20"
"ADD,2797,SELL,1650771,855.30"
"ADD,2798,BUY,2099451,861.90"
"ADD,2799,BUY,2002635,856.05"
"CANCEL,98"
"ADD,2800,BUY,1668901,866.70"
"CANCEL,864"
"ADD,2801,BUY,1992917,884.65"
"CANCEL,1537"
"ADD,2802,BUY,1300646,870.20"
"ADD,2803,BUY,2040359,864.70"
"ADD,2804,BUY,2296374,845.05"
"ADD,2805,BUY,2306272,839.20"
"ADD,2806,BUY,2745251,859.95"
"ADD,2807,SELL,3074567,854.05"
"ADD,2808,SELL,4687926,895.15"
"CANCEL,1634"
"ADD,2809,BUY,1670206,898.05"
"ADD,2810,SELL,3341856,887.55"
"ADD,2811,SELL,1770277,878.85"
"ADD,2812,BUY,2357956,887.10"
"ADD,2813,BUY,1304298,895.20"
"CANCEL,2776"
"CANCEL,1425"
"ADD,2814,SELL,2933613,864.25"
"ADD,2815,SELL,3043781,854.95"
"ADD,2816,BUY,3957111,842.10"
"ADD,2817,SELL,2909048,849.05"
"CANCEL,2108"
"ADD,2818,BUY,3392170,858.15"
"CANCEL,826"
"ADD,2819,SELL,2760267,881.50"
"CANCEL,1383"
"ADD,2820,SELL,4123266,886.15"
"ADD,2821,BUY,3534630,884.75"
"ADD,2822,SELL,3789008,869.75"
"ADD,2823,BUY,2241570,863.05"
"ADD,2824,BUY,1947009,872.45"
"ADD,2825,BUY,3146981,865.80"
"ADD,2826,BUY,2715344,867.65"
"ADD,2827,BUY,2822051,843.15"
"ADD,2828,BUY,2645575,844.85"
"ADD,2829,SELL,2828526,836.60"
"ADD,2830,BUY,3223490,825.00"
"ADD,2831,SELL,2523182,831.15"
"ADD,2832,BUY,1880728,820.90"
"ADD,2833,BUY,2825803,821.55"
"CANCEL,631"
"CANCEL,1652"
"ADD,2834,SELL,1933597,814.45"
"ADD,2835,BUY,2364740,821.95"
"ADD,2836,SELL,2882244,805.25"
"ADD,2837,BUY,2246719,817.90"
"ADD,2838,BUY,1978914,807.40"
"ADD,2839,BUY,2107250,822.05"
"ADD,2840,BUY,2070622,812.30"
"ADD,2841,SELL,1312359,813.15"
"ADD,2842,SELL,1401247,812.25"
"ADD,2843,BUY,1838151,805.45"
"ADD,2844,BUY,1430079,811.50"
"CANCEL,900"
"CANCEL,341"
"ADD,2845,BUY,3110571,810.70"
"CANCEL,1133"
"ADD,2846,SELL,2659675,803.40"
"ADD,2847,BUY,2056575,812.95"
"ADD,2848,SELL,2703603,807.00"
"ADD,2849,SELL,2325283,822.45"
"ADD,2850,SELL,7679752,869.40"
"CANCEL,1897"
"ADD,2851,BUY,2921335,874.75"
"ADD,2852,SELL,2155857,871.35"
"ADD,2853,SELL,3936620,879.55"
"ADD,2854,BUY,3780891,886.15"
"ADD,2855,SELL,4351046,896.45"
"ADD,2856,BUY,3743369,903.00"
"CANCEL,1075"
"CANCEL,1338"
"ADD,2857,SELL,231511,888.15"
"ADD,2858,SELL,6586731,905.40"
"ADD,2859,SELL,7154556,879.30"
"ADD,2860,SELL,3156965,891.20"
"ADD,2861,BUY,12665322,900.75"
"CANCEL,674"
"ADD,2862,SELL,4286368,930.75"
"ADD,2863,BUY,3575180,942.60"
"ADD,2864,BUY,6121499,958.20"
"ADD,2865,SELL,6069088,952.65"
"ADD,2866,SELL,2860462,944.25"
"ADD,2867,SELL,2949923,944.15"
"ADD,2868,SELL,3071917,962.15"
"ADD,2869,BUY,2434297,969.05"
"CANCEL,2763"
"ADD,2870,BUY,2117715,949.10"
"ADD,2871,SELL,2830152,941.30"
"ADD,2872,BUY,1793418,959.10"
"CANCEL,2209"
"ADD,2873,BUY,4418930,967.75"
"CANCEL,519"
"ADD,2874,BUY,3029220,948.25"
"ADD,2875,SELL,3796899,945.00"
"CANCEL,2753"
"ADD,2876,BUY,3289582,935.80"
"ADD,2877,BUY,2073376,928.10"
"ADD,2878,BUY,3474292,946.85"
"CANCEL,1294"
"ADD,2879,SELL,2416483,960.85"
"ADD,2880,SELL,2731382,960.30"
"ADD,2881,BUY,4217843,997.60"
"ADD,2882,BUY,7051280,1028.70"
"ADD,2883,SELL,6140492,1063.40"
"ADD,2884,BUY,4428958,1045.50"
"CANCEL,175"
"ADD,2885,SELL,12031151,1079.25"
"ADD,2886,SELL,5439813,1120.05"
"CANCEL,159"
"ADD,2887,BUY,5026907,1078.40"
"ADD,2888,SELL,4284833,1100.80"
"CANCEL,231"
"ADD,2889,SELL,3674151,1101.70"
"ADD,2890,SELL,2576905,1087.95"
"ADD,2891,SELL,2594834,1088.90"
"CANCEL,2378"
"ADD,2892,SELL,3953091,1064.70"
"ADD,2893,BUY,2012972,1082.20"
"ADD,2894,BUY,2485694,1095.40"
"ADD,2895,BUY,2017568,1077.50"
"ADD,2896,BUY,4565820,1089.90"
"ADD,2897,SELL,6701908,1122.40"
"ADD,2898,SELL,3085371,1122.65"
"ADD,2899,SELL,3602608,1118.30"
"ADD,2900,BUY,3466329,1102.10"
"ADD,2901,SELL,2689818,1094.15"
"ADD,2902,BUY,3348036,1081.90"
"CANCEL,972"
"CANCEL,30"
"ADD,2903,SELL,4391701,1066.75"
"ADD,2904,BUY,5286280,1042.10"
"ADD,2905,BUY,2938456,1036.50"
"ADD,2906,BUY,3375785,1037.95"
"CANCEL,2505"
"ADD,2907,BUY,2414935,1051.00"
"ADD,2908,BUY,5595871,1011.90"
"ADD,2909,SELL,2108794,1012.10"
"ADD,2910,SELL,4721740,1015.40"
"ADD,2911,BUY,2206576,1008.00"
"CANCEL,302"
"ADD,2912,SELL,2645940,1006.50"
"ADD,2913,SELL,2961779,1031.95"
"ADD,2914,SELL,3204529,1027.20"
"ADD,2915,SELL,3996724,995.05"
"ADD,2916,BUY,3406611,1000.95"
"ADD,2917,SELL,4251670,997.20"
"ADD,2918,BUY,4065087,966.50"
"CANCEL,1759"
"CANCEL,1460"
"ADD,2919,BUY,3190489,989.70"
"CANCEL,1693"
"CANCEL,2559"
"ADD,2920,BUY,3883004,997.65"
"ADD,2921,BUY,6512321,1030.95"
"CANCEL,235"
"ADD,2922,SELL,2211291,1041.05"
"ADD,2923,BUY,3093322,1021.85"
"CANCEL,1081"
"ADD,2924,SELL,4255466,1006.15"
"ADD,2925,BUY,4051138,1006.45"
"ADD,2926,BUY,3617603,976.30"
"ADD,2927,BUY,3353808,985.00"
"CANCEL,2581"
"ADD,2928,BUY,3739249,988.15"
"ADD,2929,SELL,2478789,989.30"
"ADD,2930,SELL,2084325,980.50"
"ADD,2931,BUY,1530775,980.50"
"ADD,2932,SELL,2184401,984.40"
"ADD,2933,SELL,3226166,990.15"
"CANCEL,137"
"CANCEL,2730"
"ADD,2934,BUY,3328022,1009.30"
"ADD,2935,BUY,2976628,998.35"
"ADD,2936,SELL,3760015,995.10"
"ADD,2937,BUY,1959327,998.30"
"ADD,2938,SELL,1704141,995.80"
"ADD,2939,BUY,2182560,993.35"
"ADD,2940,SELL,1918182,993.70"
"ADD,2941,SELL,3637682,998.70"
"ADD,2942,SELL,3702468,1014.10"
"ADD,2943,BUY,3784599,1023.80"
"ADD,2944,BUY,5011067,1031.25"
"ADD,2945,BUY,2136513,1025.90"
"ADD,2946,BUY,2075273,1025.65"
"ADD,2947,SELL,3174286,1037.70"
"ADD,2948,SELL,2095351,1033.00"
"ADD,2949,BUY,2162176,1015.85"
"ADD,2950,SELL,2427349,1019.40"
"CANCEL,1097"
"ADD,2951,SELL,1997452,1002.75"
"ADD,2952,SELL,3027126,979.40"
"ADD,2953,SELL,2488647,988.65"
"ADD,2954,BUY,2077617,1004.90"
"ADD,2955,SELL,3924732,995.45"
"CANCEL,2922"
"ADD,2956,SELL,4044643,965.85"
"ADD,2957,SELL,3518809,965.05"
"ADD,2958,SELL,7564288,929.85"
"ADD,2959,BUY,3635611,933.25"
"ADD,2960,SELL,2852977,933.15"
"ADD,2961,SELL,4032700,945.70"
"CANCEL,1909"
"ADD,2962,SELL,2835389,926.15"
"ADD,2963,SELL,2246466,936.70"
"ADD,2964,BUY,2552056,954.65"
"ADD,2965,SELL,3535189,960.65"
"ADD,2966,BUY,3173161,957.90"
"ADD,2967,SELL,4360890,961.25"
"ADD,2968,SELL,4347008,931.00"
"ADD,2969,BUY,3500356,937.90"
"CANCEL,2901"
"ADD,2970,BUY,4028045,929.35"
"ADD,2971,SELL,3059361,945.65"
"ADD,2972,BUY,565357,952.70"
"ADD,2973,SELL,2302432,941.35"
"ADD,2974,SELL,5034195,934.05"
"ADD,2975,SELL,4004057,951.60"
"ADD,2976,BUY,7484984,979.25"
"ADD,2977,BUY,3219842,1000.55"
"ADD,2978,SELL,2828980,1002.35"
"ADD,2979,SELL,3595614,991.30"
"ADD,2980,SELL,2659263,980.50"
"CANCEL,2897"
"CANCEL,2533"
"ADD,2981,SELL,2122642,974.05"
"ADD,2982,BUY,1609576,969.25"
"ADD,2983,BUY,1925588,969.15"
"ADD,2984,BUY,2337114,985.20"
"ADD,2985,SELL,3065433,988.65"
"CANCEL,2287"
"ADD,2986,SELL,2592595,980.75"
"ADD,2987,BUY,2683538,997.70"
"CANCEL,2683"
"ADD,2988,BUY,3338732,993.00"
"ADD,2989,BUY,3007076,987.05"
"ADD,2990,BUY,2806993,988.65"
"CANCEL,2214"
"ADD,2991,BUY,3973275,961.60"
"ADD,2992,SELL,2160807,962.65"
"CANCEL,552"
"ADD,2993,SELL,2463051,958.55"
"ADD,2994,SELL,2296865,957.35"
"ADD,2995,BUY,2340414,944.60"
"ADD,2996,SELL,2422696,939.85"
"CANCEL,1070"
"CANCEL,1823"
"ADD,2997,BUY,4085890,882.35"
"CANCEL,1924"
"ADD,2998,BUY,4774252,864.60"
"ADD,2999,BUY,4749947,869.50"
"ADD,3000,BUY,3422050,880.10"
"CANCEL,1310"
"ADD,3001,SELL,1898416,904.90"
"ADD,3002,BUY,2419143,893.75"
"ADD,3003,SELL,5138493,884.15"
"ADD,3004,SELL,1117804,888.85"
"CANCEL,1936"
"CANCEL,2588"
"ADD,3005,BUY,1934955,891.15"
"ADD,3006,SELL,677439,887.90"
"ADD,3007,BUY,1675827,885.55"
"ADD,3008,BUY,2309591,875.85"
"ADD,3009,SELL,4258043,836.10"
"ADD,3010,SELL,4736315,854.30"
"CANCEL,954"
"ADD,3011,BUY,3061366,860.30"
"ADD,3012,SELL,2308716,850.30"
"ADD,3013,SELL,2274108,843.15"
"CANCEL,2600"
"ADD,3014,BUY,3869247,864.25"
"ADD,3015,SELL,4374388,869.70"
"ADD,3016,BUY,3049291,879.65"
"CANCEL,2229"
"ADD,3017,BUY,3905183,906.75"
"ADD,3018,SELL,5422365,883.75"
"ADD,3019,SELL,4132897,886.90"
"ADD,3020,BUY,4100754,889.05"
"ADD,3021,BUY,4411227,906.85"
"ADD,3022,SELL,8255888,929.40"
"ADD,3023,BUY,4970953,915.25"
"ADD,3024,BUY,4412275,908.05"
"CANCEL,2679"
"ADD,3025,SELL,3216827,928.80"
"CANCEL,2876"
"ADD,3026,BUY,2067728,909.90"
"ADD,3027,SELL,2020605,896.70"
"ADD,3028,SELL,3120391,882.00"
"CANCEL,322"
"ADD,3029,SELL,1990874,909.15"
"CANCEL,2364"
"CANCEL,1408"
"ADD,3030,BUY,2248124,901.65"
"ADD,3031,SELL,2183115,902.05"
"ADD,3032,SELL,4278437,873.10"
"ADD,3033,SELL,3224043,851.45"
"ADD,3034,SELL,4559370,841.45"
"ADD,3035,BUY,3491406,843.15"
"ADD,3036,SELL,4905338,842.00"
"ADD,3037,BUY,4265220,855.55"
"CANCEL,1711"
"ADD,3038,BUY,3332631,864.25"
"CANCEL,2565"
"CANCEL,396"
"ADD,3039,BUY,2449658,884.95"
"ADD,3040,SELL,3215112,869.65"
"ADD,3041,BUY,3482250,859.15"
"CANCEL,1526"
"ADD,3042,SELL,2693254,863.80"
"ADD,3043,SELL,2956988,850.10"
"ADD,3044,SELL,3163589,842.10"
"ADD,3045,BUY,4359100,856.85"
"CANCEL,2510"
"CANCEL,22"
"ADD,3046,SELL,2378572,854.10"
"ADD,3047,BUY,3029112,841.95"
"ADD,3048,SELL,2111750,847.95"
"ADD,3049,BUY,2346393,844.90"
"ADD,3050,BUY,4713693,829.30"
"ADD,3051,SELL,5332142,811.70"
"ADD,3052,SELL,3961481,810.75"
"ADD,3053,SELL,4625471,826.00"
"ADD,3054,BUY,3334693,836.05"
"ADD,3055,BUY,2819367,824.65"
"ADD,3056,SELL,4863211,832.85"
"ADD,3057,SELL,5673710,865.90"
"ADD,3058,SELL,6234931,895.10"
"ADD,3059,SELL,5788462,904.35"
"ADD,3060,SELL,4612201,922.50"
"ADD,3061,SELL,5081693,923.65"
"ADD,3062,BUY,4612192,928.35"
"ADD,3063,BUY,5476551,926.85"
"ADD,3064,SELL,8601165,885.65"
"ADD,3065,BUY,4047524,876.45"
"CANCEL,1852"
"CANCEL,2804"
"ADD,3066,SELL,2905259,878.90"
"CANCEL,781"
"CANCEL,1297"
"CANCEL,1969"
"CANCEL,2413"
"ADD,3067,BUY,3446692,890.95"
"CANCEL,412"
"CANCEL,1704"
"CANCEL,2197"
"CANCEL,2777"
"ADD,3068,BUY,3249083,895.95"
"CANCEL,2493"
"ADD,3069,SELL,3817667,885.10"
"ADD,3070,BUY,2818365,878.20"
"ADD,3071,BUY,1904490,873.95"
"ADD,3072,BUY,2250982,891.55"
"CANCEL,2858"
"ADD,3073,BUY,1990706,908.85"
"CANCEL,3063"
"ADD,3074,BUY,1908452,903.85"
"ADD,3075,BUY,1512612,894.50"
"ADD,3076,BUY,2173883,884.60"
"ADD,3077,BUY,1846549,885.30"
"ADD,3078,SELL,6066339,875.80"
"CANCEL,2866"
"ADD,3079,SELL,4479082,902.25"
"ADD,3080,BUY,4612571,898.65"
"CANCEL,2451"
"ADD,3081,BUY,3641649,912.70"
"ADD,3082,BUY,2986745,907.75"
"ADD,3083,BUY,2479431,885.45"
"ADD,3084,SELL,2092303,883.70"
"ADD,3085,SELL,3088017,905.80"
"ADD,3086,SELL,3354787,877.15"
"ADD,3087,BUY,4924556,889.85"
"ADD,3088,SELL,2939253,901.75"
"ADD,3089,SELL,3184005,903.95"
"ADD,3090,BUY,5996339,931.20"
"ADD,3091,SELL,11284420,978.95"
"ADD,3092,BUY,10448751,996.65"
"ADD,3093,BUY,4433185,991.70"
"ADD,3094,SELL,3659045,995.00"
"ADD,3095,BUY,4252334,990.90"
"ADD,3096,BUY,6211775,1004.55"
"ADD,3097,SELL,4792657,1000.70"
"CANCEL,2115"
"ADD,3098,BUY,5299670,1000.10"
"CANCEL,2672"
"ADD,3099,BUY,3641605,1010.85"
"ADD,3100,BUY,3161556,1007.20"
"ADD,3101,SELL,2797340,1015.55"
"ADD,3102,BUY,2581847,1003.25"
"ADD,3103,SELL,3472328,996.60"
"ADD,3104,SELL,3713532,987.40"
"ADD,3105,BUY,3682606,1001.80"
"ADD,3106,BUY,2253887,1007.00"
"ADD,3107,BUY,2272786,997.80"
"CANCEL,558"
"ADD,3108,BUY,3395442,1023.70"
"ADD,3109,SELL,2330438,1021.70"
"ADD,3110,SELL,1451127,1024.75"
"ADD,3111,BUY,1811142,1007.80"
"CANCEL,1085"
"ADD,3112,SELL,4261457,1045.30"
"ADD,3113,BUY,2994363,1025.05"
"ADD,3114,BUY,4598763,1005.35"
"CANCEL,1406"
"ADD,3115,SELL,3380933,996.00"
"ADD,3116,SELL,2674704,1000.15"
"ADD,3117,SELL,3802312,1001.85"
"ADD,3118,SELL,2260182,1002.45"
"ADD,3119,SELL,2744569,988.00"
"ADD,3120,SELL,3279028,987.75"
"ADD,3121,SELL,1990511,978.95"
"CANCEL,2126"
"ADD,3122,BUY,2123285,968.90"
"ADD,3123,SELL,2002952,966.00"
"ADD,3124,SELL,2205902,942.90"
"CANCEL,620"
"ADD,3125,SELL,2912005,966.95"
"ADD,3126,BUY,2481826,950.70"
"ADD,3127,SELL,1515583,944.10"
"ADD,3128,BUY,2029201,954.60"
"ADD,3129,SELL,4344929,916.30"
"ADD,3130,SELL,4583212,907.95"
"ADD,3131,SELL,8145723,829.55"
"ADD,3132,BUY,11315843,848.15"
"ADD,3133,SELL,4332912,853.40"
"CANCEL,2456"
"ADD,3134,BUY,2461890,872.40"
"ADD,3135,SELL,4733716,855.90"
"CANCEL,2259"
"ADD,3136,SELL,4492201,849.55"
"ADD,3137,BUY,2665275,853.85"
"ADD,3138,SELL,3703036,835.90"
"ADD,3139,SELL,2339465,833.20"
"ADD,3140,BUY,2948830,848.60"
"ADD,3141,SELL,3963791,874.05"
"ADD,3142,SELL,2531423,867.00"
"ADD,3143,BUY,2430944,860.95"
"ADD,3144,BUY,1820453,863.85"
"CANCEL,729"
"ADD,3145,BUY,3068686,872.55"
"ADD,3146,SELL,7831592,895.40"
"ADD,3147,SELL,2910364,878.10"
"ADD,3148,BUY,3599162,847.90"
"ADD,3149,SELL,3479324,850.35"
"ADD,3150,SELL,6646509,837.35"
"CANCEL,2355"
"ADD,3151,SELL,3623837,840.75"
"CANCEL,1332"
"ADD,3152,SELL,1980306,864.70"
"ADD,3153,BUY,3660854,888.00"
"ADD,3154,BUY,2818498,898.05"
"ADD,3155,BUY,2632179,913.80"
"ADD,3156,BUY,2457989,889.10"
"ADD,3157,SELL,2132195,887.35"
"ADD,3158,BUY,1420049,891.75"
"ADD,3159,SELL,1408658,893.60"
"ADD,3160,BUY,1829257,902.95"
"ADD,3161,SELL,2068330,903.70"
"CANCEL,2646"
"ADD,3162,SELL,7658875,963.50"
"CANCEL,1127"
"ADD,3163,SELL,3292615,955.00"
"CANCEL,3163"
"ADD,3164,SELL,2500420,942.85"
"ADD,3165,SELL,2651976,939.55"
"ADD,3166,SELL,2733564,936.95"
"ADD,3167,BUY,3035672,941.00"
"ADD,3168,BUY,3055325,947.70"
"ADD,3169,SELL,1650838,959.80"
"ADD,3170,SELL,2599796,967.20"
"ADD,3171,SELL,2293418,951.30"
"ADD,3172,BUY,2461259,936.60"
"ADD,3173,BUY,1912599,952.40"
"ADD,3174,BUY,3893160,961.25"
"CANCEL,2700"
"ADD,3175,SELL,299511,928.45"
"ADD,3176,BUY,3127549,933.05"
"ADD,3177,SELL,3507963,934.30"
"ADD,3178,SELL,1963105,927.75"
"CANCEL,2437"
"ADD,3179,BUY,2784876,934.75"
"ADD,3180,SELL,2583965,946.85"
"ADD,3181,BUY,2400013,953.75"
"ADD,3182,BUY,3384443,967.70"
"ADD,3183,SELL,5441612,988.65"
"CANCEL,2143"
"CANCEL,1232"
"ADD,3184,SELL,2967325,965.90"
"ADD,3185,BUY,1731204,977.95"
"ADD,3186,SELL,2597024,977.20"
"ADD,3187,SELL,3073001,965.45"
"ADD,3188,SELL,3310778,952.05"
"ADD,3189,BUY,1721726,940.90"
"ADD,3190,BUY,2097118,915.90"
"ADD,3191,BUY,4249865,950.35"
"CANCEL,2309"
"ADD,3192,BUY,2414730,955.10"
"ADD,3193,BUY,3593061,975.90"
"CANCEL,3036"
"ADD,3194,SELL,4427435,1009.70"
"ADD,3195,SELL,3661020,991.90"
"ADD,3196,SELL,2818835,992.10"
"ADD,3197,SELL,2646828,987.30"
"ADD,3198,SELL,2953173,1003.80"
"ADD,3199,BUY,2720569,1000.55"
"ADD,3200,SELL,2945508,1010.40"
"CANCEL,293"
"ADD,3201,BUY,1863321,1004.50"
"ADD,3202,SELL,4225066,1014.60"
"ADD,3203,BUY,1238135,1015.35"
"ADD,3204,SELL,6896571,995.30"
"ADD,3205,BUY,3416459,1005.15"
"ADD,3206,SELL,6116855,1032.20"
"CANCEL,2717"
"ADD,3207,BUY,4871839,1025.75"
"ADD,3208,SELL,6632671,1051.60"
"ADD,3209,SELL,5342761,1045.45"
"ADD,3210,SELL,16412811,1076.85"
"CANCEL,2770"
"ADD,3211,SELL,6575725,1073.30"
"ADD,3212,BUY,6229959,1016.85"
"ADD,3213,BUY,4912096,1043.60"
"ADD,3214,SELL,10312353,1004.55"
"ADD,3215,SELL,7261772,984.20"
"ADD,3216,BUY,5413455,1004.15"
"ADD,3217,BUY,2994340,1003.95"
"CANCEL,1987"
"ADD,3218,SELL,5274473,1016.90"
"ADD,3219,SELL,4383577,1035.40"
"ADD,3220,BUY,2267273,1030.30"
"ADD,3221,SELL,3376466,1001.15"
"ADD,3222,SELL,3586808,981.40"
"ADD,3223,BUY,4161079,973.05"
"CANCEL,981"
"ADD,3224,SELL,2760853,961.05"
"CANCEL,1725"
"ADD,3225,SELL,3859250,962.65"
"CANCEL,1284"
"ADD,3226,BUY,6701935,906.55"
"ADD,3227,SELL,4407889,946.75"
"ADD,3228,SELL,2977263,930.55"
"ADD,3229,BUY,3529832,952.60"
"CANCEL,1807"
"ADD,3230,BUY,2339664,944.35"
"ADD,3231,BUY,2919198,962.30"
"CANCEL,839"
"ADD,3232,SELL,3471311,952.65"
"ADD,3233,SELL,5675025,944.10"
"ADD,3234,SELL,1908533,950.35"
"ADD,3235,BUY,7093474,966.65"
"ADD,3236,BUY,3760923,981.30"
"ADD,3237,SELL,4595886,1001.50"
"ADD,3238,BUY,3630006,1012.85"
"ADD,3239,SELL,2054428,1006.40"
"ADD,3240,BUY,3022554,1027.00"
"CANCEL,2099"
"ADD,3241,BUY,4733124,1011.75"
"ADD,3242,BUY,3501676,1014.50"
"ADD,3243,BUY,2715590,1019.75"
"CANCEL,277"
"CANCEL,485"
"ADD,3244,BUY,3847740,1016.00"
"CANCEL,1874"
"ADD,3245,BUY,2904852,1037.30"
"CANCEL,2470"
"CANCEL,2477"
"CANCEL,2926"
"ADD,3246,SELL,3627901,1036.25"
"ADD,3247,BUY,3303780,1047.05"
"ADD,3248,SELL,7047985,1045.20"
"CANCEL,2621"
"CANCEL,2843"
"ADD,3249,SELL,2345148,1026.95"
"ADD,3250,BUY,1597975,1033.75"
"CANCEL,1963"
"ADD,3251,SELL,3065701,1036.35"
"CANCEL,1031"
"ADD,3252,SELL,2552099,1047.40"
"ADD,3253,SELL,3666141,1066.05"
"ADD,3254,SELL,4358102,1064.75"
"ADD,3255,SELL,4957497,1037.30"
"ADD,3256,SELL,2601436,1041.15"
"ADD,3257,SELL,2675586,1038.95"
"ADD,3258,SELL,13979586,1016.90"
"ADD,3259,BUY,6041279,1016.95"
"CANCEL,1868"
"ADD,3260,SELL,14160507,996.70"
"CANCEL,771"
"ADD,3261,SELL,2427753,986.95"
"CANCEL,1613"
"CANCEL,1436"
"ADD,3262,BUY,4952411,975.25"
"ADD,3263,SELL,3371220,968.95"
"ADD,3264,BUY,3508088,983.10"
"ADD,3265,BUY,1656840,982.55"
"CANCEL,786"
"ADD,3266,SELL,2922714,992.80"
"ADD,3267,SELL,3348353,978.15"
"ADD,3268,SELL,2132072,975.95"
"ADD,3269,SELL,2779023,969.15"
"ADD,3270,SELL,1880974,970.55"
"ADD,3271,SELL,2088058,951.20"
"ADD,3272,BUY,4238988,934.20"
"ADD,3273,BUY,4198098,930.00"
"ADD,3274,BUY,2807737,940.45"
"ADD,3275,BUY,2112135,951.20"
"ADD,3276,BUY,3243601,946.85"
"ADD,3277,SELL,3063379,974.70"
"ADD,3278,SELL,2202091,968.70"
"CANCEL,234"
"CANCEL,349"
"ADD,3279,SELL,2343852,956.25"
"ADD,3280,SELL,1975712,959.65"
"ADD,3281,BUY,1982466,954.80"
"ADD,3282,SELL,4332627,955.05"
"ADD,3283,SELL,2773975,954.10"
"ADD,3284,BUY,3575840,971.15"
"ADD,3285,BUY,3729737,976.70"
"ADD,3286,SELL,2334856,981.10"
"ADD,3287,BUY,2497008,976.25"
"ADD,3288,SELL,2543921,984.60"
"CANCEL,266"
"ADD,3289,BUY,2408096,974.90"
"ADD,3290,SELL,2459237,990.20"
"ADD,3291,SELL,3184865,987.10"
"ADD,3292,SELL,2923284,980.50"
"ADD,3293,BUY,2248693,980.45"
"ADD,3294,BUY,5711173,951.45"
"ADD,3295,SELL,2094599,955.65"
"ADD,3296,SELL,1738370,957.80"
"ADD,3297,SELL,1719857,966.90"
"CANCEL,1185"
"ADD,3298,BUY,1510979,973.45"
"ADD,3299,BUY,1783750,986.70"
"CANCEL,3050"
"CANCEL,2340"
"ADD,3300,BUY,1632225,978.40"
"CANCEL,1259"
"ADD,3301,SELL,2232685,1003.40"
"ADD,3302,SELL,3409386,1008.75"
"ADD,3303,SELL,2459183,1004.90"
"ADD,3304,BUY,3198562,1012.20"
"CANCEL,2261"
"ADD,3305,SELL,3805750,1017.80"
"CANCEL,2813"
"ADD,3306,SELL,1534044,1006.35"
"ADD,3307,BUY,1577114,1014.85"
"ADD,3308,BUY,1883884,1022.75"
"CANCEL,3216"
"ADD,3309,BUY,2521448,1013.10"
"ADD,3310,BUY,3568375,1026.35"
"ADD,3311,SELL,2201164,1014.90"
"CANCEL,2802"
"CANCEL,2351"
"ADD,3312,SELL,2713804,993.95"
"ADD,3313,BUY,2328716,993.00"
"ADD,3314,BUY,2767914,1016.25"
"ADD,3315,SELL,3098753,1029.25"
"CANCEL,2313"
"CANCEL,2853"
"ADD,3316,BUY,3238899,1014.10"
"ADD,3317,BUY,3740861,1035.80"
"ADD,3318,BUY,3055603,1024.90"
"ADD,3319,SELL,3539970,1013.30"
"CANCEL,2403"
"ADD,3320,SELL,1869308,1014.90"
"ADD,3321,BUY,1527904,1011.85"
"ADD,3322,SELL,1673328,1010.45"
"CANCEL,2346"
"ADD,3323,SELL,3419775,1012.70"
"CANCEL,1139"
"ADD,3324,BUY,3701495,1057.45"
"ADD,3325,SELL,4153522,1066.40"
"ADD,3326,BUY,5324960,1060.00"
"ADD,3327,SELL,9742454,1029.20"
"ADD,3328,SELL,6428814,1013.35"
"ADD,3329,BUY,2631091,1019.90"
"ADD,3330,BUY,2954995,1017.65"
"ADD,3331,BUY,2790196,1033.40"
"CANCEL,3322"
"ADD,3332,BUY,7699800,1046.50"
"ADD,3333,SELL,4252754,1044.75"
"ADD,3334,BUY,7170885,1065.00"
"ADD,3335,BUY,8988926,1075.55"
"ADD,3336,BUY,3812324,1082.40"
"CANCEL,2200"
"ADD,3337,BUY,2501476,1072.25"
"ADD,3338,SELL,4288544,1088.95"
"ADD,3339,SELL,7105725,1102.80"
"ADD,3340,SELL,8734943,1107.20"
"ADD,3341,SELL,4428693,1110.50"
"ADD,3342,SELL,5673488,1090.65"
"ADD,3343,SELL,4859746,1072.45"
"ADD,3344,BUY,2560105,1083.70"
"ADD,3345,SELL,4143109,1090.70"
"CANCEL,2573"
"ADD,3346,SELL,2466397,1089.40"
"CANCEL,474"
"ADD,3347,SELL,3492838,1109.00"
"ADD,3348,SELL,2640973,1096.35"
"ADD,3349,BUY,5014667,1057.15"
"ADD,3350,BUY,3489473,1077.65"
"ADD,3351,BUY,2246237,1060.65"
"ADD,3352,BUY,2531133,1081.10"
"ADD,3353,SELL,3902656,1087.35"
"ADD,3354,SELL,2314521,1087.55"
"CANCEL,1107"
"CANCEL,1396"
"ADD,3355,SELL,1750711,1060.85"
"ADD,3356,BUY,2502055,1054.05"
"ADD,3357,BUY,2935574,1048.70"
"ADD,3358,SELL,1857917,1054.95"
"ADD,3359,SELL,362170,1051.20"
"ADD,3360,BUY,2337011,1051.00"
"ADD,3361,BUY,1609225,1023.75"
"ADD,3362,SELL,1671371,1023.95"
"ADD,3363,SELL,2636911,1005.55"
"ADD,3364,SELL,2172921,1001.15"
"ADD,3365,BUY,3070346,1003.50"
"ADD,3366,BUY,4946573,1004.60"
"ADD,3367,BUY,2231907,1010.40"
"ADD,3368,SELL,3377392,1001.75"
"ADD,3369,BUY,3311592,985.40"
"ADD,3370,SELL,3783226,986.55"
"ADD,3371,SELL,2886635,977.75"
"ADD,3372,SELL,4151928,987.50"
"ADD,3373,BUY,3024712,991.50"
"ADD,3374,BUY,4033660,1001.45"
"ADD,3375,SELL,2996248,1009.00"
"ADD,3376,SELL,4323375,987.35"
"ADD,3377,SELL,2389829,993.70"
"ADD,3378,SELL,1900161,986.65"
"ADD,3379,SELL,2259609,997.70"
"ADD,3380,BUY,6308004,990.05"
"ADD,3381,BUY,2886513,997.75"
"ADD,3382,SELL,2853045,994.75"
"CANCEL,1890"
"ADD,3383,BUY,1537535,1005.20"
"ADD,3384,BUY,1127113,999.15"
"ADD,3385,SELL,2000230,1020.05"
"ADD,3386,SELL,1883333,1028.95"
"ADD,3387,SELL,2062700,1027.20"
"ADD,3388,SELL,2369453,1039.80"
"ADD,3389,BUY,5517829,1059.50"
"ADD,3390,BUY,4418967,1052.95"
"ADD,3391,BUY,3415537,1057.15"
"CANCEL,1591"
"CANCEL,3046"
"ADD,3392,BUY,4655758,1063.25"
"CANCEL,1650"
"ADD,3393,SELL,2346414,1057.30"
"ADD,3394,SELL,3502299,1047.45"
"CANCEL,17"
"ADD,3395,SELL,2202927,1049.70"
"ADD,3396,SELL,2005206,1065.45"
"ADD,3397,SELL,3591493,1082.40"
"ADD,3398,BUY,1622458,1085.10"
"ADD,3399,BUY,1470751,1089.40"
"ADD,3400,BUY,2375547,1067.15"
"ADD,3401,BUY,1996483,1077.40"
"CANCEL,3044"
"ADD,3402,SELL,1195257,1077.70"
"ADD,3403,SELL,2594400,1089.85"
"ADD,3404,SELL,2623211,1086.05"
"ADD,3405,SELL,999364,1083.30"
"CANCEL,2401"
"ADD,3406,BUY,2746005,1076.25"
"CANCEL,945"
"ADD,3407,BUY,3627071,1032.55"
"ADD,3408,SELL,3493728,1033.70"
"CANCEL,3256"
"ADD,3409,SELL,3133533,1015.90"
"ADD,3410,BUY,2153091,1027.30"
"ADD,3411,SELL,5453230,1017.30"
"CANCEL,3293"
"ADD,3412,SELL,3583756,1044.80"
"ADD,3413,BUY,3457365,1045.20"
"ADD,3414,BUY,2585798,1049.65"
"ADD,3415,SELL,2079908,1043.50"
"CANCEL,1999"
"ADD,3416,SELL,2283982,1041.65"
"ADD,3417,SELL,2264245,1030.90"
"ADD,3418,BUY,3710094,1025.15"
"CANCEL,1465"
"ADD,3419,SELL,2861531,1030.15"
"ADD,3420,BUY,1957988,1029.85"
"CANCEL,2691"
"ADD,3421,SELL,3482845,1051.30"
"ADD,3422,SELL,4492847,1067.50"
"ADD,3423,SELL,3393856,1075.50"
"ADD,3424,BUY,2663127,1075.40"
"CANCEL,3348"
"CANCEL,3001"
"ADD,3425,SELL,14229234,1182.75"
"ADD,3426,BUY,19068911,1238.90"
"CANCEL,2428"
"ADD,3427,BUY,5574153,1234.50"
"ADD,3428,SELL,4129033,1236.75"
"CANCEL,447"
"CANCEL,12"
"ADD,3429,SELL,9616850,1304.95"
"ADD,3430,SELL,9906103,1291.20"
"ADD,3431,SELL,7107670,1286.75"
"ADD,3432,BUY,5665568,1281.65"
"CANCEL,3049"
"ADD,3433,BUY,5510658,1304.95"
"ADD,3434,BUY,3639964,1297.65"
"CANCEL,2997"
"ADD,3435,BUY,2941714,1280.80"
"ADD,3436,BUY,5165107,1263.80"
"ADD,3437,SELL,4638338,1259.70"
"ADD,3438,SELL,2699090,1273.30"
"ADD,3439,BUY,3721911,1286.75"
"ADD,3440,BUY,7418122,1251.10"
"ADD,3441,SELL,4961934,1245.75"
"ADD,3442,BUY,4325787,1256.65"
"CANCEL,3368"
"ADD,3443,BUY,10375519,1320.90"
"ADD,3444,BUY,10260327,1374.65"
"ADD,3445,BUY,9217360,1415.00"
"CANCEL,1355"
"CANCEL,1131"
"ADD,3446,SELL,7033141,1381.35"
"ADD,3447,SELL,7371727,1372.35"
"CANCEL,1069"
"ADD,3448,BUY,2906188,1364.80"
"ADD,3449,BUY,2705854,1391.85"
"ADD,3450,BUY,3661083,1370.20"
"ADD,3451,BUY,2645292,1368.80"
"ADD,3452,SELL,1918612,1369.55"
"ADD,3453,BUY,6910277,1402.50"
"CANCEL,3227"
"ADD,3454,SELL,8403704,1432.80"
"ADD,3455,SELL,3831775,1416.45"
"ADD,3456,BUY,2873655,1409.50"
"ADD,3457,BUY,2708404,1395.20"
"ADD,3458,BUY,4249684,1370.55"
"ADD,3459,SELL,2171549,1370.10"
"ADD,3460,BUY,3283811,1357.95"
"ADD,3461,SELL,3565543,1328.25"
"ADD,3462,SELL,3672585,1321.40"
"CANCEL,376"
"ADD,3463,SELL,5235932,1359.10"
"ADD,3464,BUY,3150756,1359.55"
"ADD,3465,SELL,1719729,1350.45"
"ADD,3466,BUY,1540213,1344.10"
"ADD,3467,BUY,2892947,1356.30"
"ADD,3468,BUY,2250304,1353.10"
"ADD,3469,BUY,2237916,1327.35"
"ADD,3470,SELL,2928883,1318.85"
"CANCEL,927"
"ADD,3471,SELL,2108223,1305.55"
"CANCEL,2415"
"ADD,3472,SELL,5925335,1302.45"
"ADD,3473,BUY,4898639,1337.30"
"ADD,3474,SELL,5491170,1356.90"
"ADD,3475,BUY,2207727,1359.35"
"ADD,3476,SELL,3754099,1340.70"
"CANCEL,1339"
"ADD,3477,SELL,2627565,1324.75"
"ADD,3478,SELL,2476706,1329.35"
"CANCEL,2003"
"ADD,3479,SELL,2559954,1339.00"
"ADD,3480,BUY,1806521,1331.70"
"ADD,3481,SELL,3162802,1335.70"
"ADD,3482,SELL,1927513,1319.45"
"ADD,3483,SELL,1377291,1314.35"
"ADD,3484,SELL,12101027,1357.50"
"ADD,3485,SELL,6466804,1383.95"
"CANCEL,994"
"ADD,3486,BUY,3482912,1409.25"
"ADD,3487,SELL,2318399,1412.35"
"ADD,3488,SELL,4569943,1422.00"
"ADD,3489,BUY,5055942,1432.65"
"ADD,3490,BUY,7118832,1435.85"
"ADD,3491,BUY,7449878,1437.15"
"CANCEL,2219"
"ADD,3492,BUY,2948322,1392.70"
"CANCEL,1988"
"ADD,3493,BUY,2101886,1381.05"
"CANCEL,1043"
"ADD,3494,BUY,6219522,1442.65"
"ADD,3495,SELL,3106517,1442.55"
"ADD,3496,SELL,8193635,1491.15"
"ADD,3497,BUY,815433,1492.85"
"ADD,3498,SELL,4799229,1494.35"
"CANCEL,3146"
"ADD,3499,BUY,5259759,1522.10"
"ADD,3500,SELL,4693011,1533.75"
"ADD,3501,SELL,4285809,1551.75"
"ADD,3502,BUY,4489412,1519.90"
"CANCEL,924"
"ADD,3503,BUY,3114686,1528.90"
"ADD,3504,SELL,22205112,1585.00"
"ADD,3505,BUY,9927229,1615.25"
"ADD,3506,SELL,4586079,1602.15"
"ADD,3507,SELL,5018389,1622.75"
"ADD,3508,BUY,4208071,1594.80"
"CANCEL,88"
"ADD,3509,SELL,3787034,1615.20"
"ADD,3510,SELL,2814298,1603.60"
"ADD,3511,BUY,4751385,1629.20"
"ADD,3512,SELL,4504776,1650.10"
"ADD,3513,BUY,4247045,1622.15"
"ADD,3514,BUY,2180018,1616.35"
"CANCEL,1138"
"ADD,3515,SELL,2385643,1598.80"
"ADD,3516,SELL,2328843,1584.35"
"ADD,3517,SELL,3885064,1546.25"
"ADD,3518,SELL,3072299,1573.05"
"CANCEL,3200"
"ADD,3519,BUY,3618179,1567.10"
"CANCEL,2023"
"CANCEL,2525"
"ADD,3520,SELL,2179230,1560.05"
"ADD,3521,SELL,1901824,1582.05"
"CANCEL,948"
"ADD,3522,SELL,2815328,1566.55"
"ADD,3523,SELL,3466421,1532.15"
"ADD,3524,BUY,2362387,1564.10"
"ADD,3525,BUY,5738495,1594.50"
"ADD,3526,BUY,3527477,1610.10"
"ADD,3527,SELL,4928375,1613.35"
"ADD,3528,BUY,5764131,1632.60"
"ADD,3529,BUY,11142512,1645.40"
"CANCEL,613"
"ADD,3530,BUY,6056729,816.90"
"ADD,3531,SELL,5801712,817.90"
"ADD,3532,BUY,2971669,823.75"
"ADD,3533,SELL,13430225,849.00"
"ADD,3534,BUY,5425486,843.85"
"ADD,3535,BUY,13072853,841.80"
"ADD,3536,SELL,2314174,845.55"
"ADD,3537,SELL,3528729,838.60"
"CANCEL,1815"
"ADD,3538,SELL,5920552,841.35"
"CANCEL,2381"
"ADD,3539,BUY,6505309,821.55"
"CANCEL,1282"
"ADD,3540,BUY,8434196,799.15"
"ADD,3541,BUY,13508179,786.45"
"ADD,3542,BUY,7619230,780.90"
"ADD,3543,BUY,8387059,798.35"
"ADD,3544,BUY,8643924,818.85"
"CANCEL,3526"
"ADD,3545,SELL,5942106,837.05"
"CANCEL,1154"
"ADD,3546,BUY,6734986,843.20"
"ADD,3547,BUY,7049800,840.15"
"ADD,3548,SELL,8522926,872.75"
"ADD,3549,SELL,9833512,876.45"
"ADD,3550,BUY,14633539,876.80"
"ADD,3551,BUY,6354084,874.35"
"ADD,3552,SELL,16765178,914.50"
"ADD,3553,SELL,3664082,909.90"
"ADD,3554,BUY,12551649,939.75"
"ADD,3555,BUY,6335308,934.25"
"CANCEL,1981"
"ADD,3556,SELL,7698704,947.40"
"ADD,3557,BUY,5256749,929.85"
"ADD,3558,SELL,3576533,942.50"
"ADD,3559,BUY,4345360,940.85"
"ADD,3560,BUY,8033040,952.55"
"ADD,3561,SELL,4698609,946.60"
"ADD,3562,BUY,2193730,945.30"
"CANCEL,3064"
"ADD,3563,SELL,9347943,906.70"
"ADD,3564,BUY,8115980,887.80"
"ADD,3565,BUY,6860798,900.50"
"ADD,3566,BUY,6365174,883.85"
"ADD,3567,BUY,4155011,875.25"
"ADD,3568,BUY,5706105,886.70"
"ADD,3569,SELL,6981872,883.70"
"CANCEL,1087"
"ADD,3570,SELL,5586242,911.90"
"ADD,3571,BUY,4220192,920.85"
"CANCEL,3006"
"ADD,3572,SELL,5055490,930.75"
"ADD,3573,SELL,7329126,947.00"
"CANCEL,998"
"ADD,3574,SELL,4680074,951.35"
"ADD,3575,BUY,4641893,943.35"
"ADD,3576,BUY,3674864,946.00"
"ADD,3577,BUY,9434893,921.55"
"ADD,3578,SELL,5081389,910.10"
"ADD,3579,BUY,4618847,901.60"
"ADD,3580,SELL,8369174,913.70"
"ADD,3581,SELL,11007689,926.65"
"ADD,3582,BUY,5529565,931.55"
"ADD,3583,SELL,5588486,921.00"
"ADD,3584,BUY,4933853,916.15"
"CANCEL,1068"
"ADD,3585,SELL,4182097,914.65"
"ADD,3586,BUY,5021130,921.50"
"ADD,3587,BUY,11158706,919.75"
"ADD,3588,SELL,8494801,921.00"
"CANCEL,1381"
"ADD,3589,SELL,4774414,918.15"
"ADD,3590,BUY,4147162,912.95"
"CANCEL,2120"
"ADD,3591,SELL,5301456,929.80"
"ADD,3592,SELL,4352384,923.75"
"ADD,3593,BUY,7091515,924.20"
"ADD,3594,SELL,5069838,921.05"
"ADD,3595,SELL,4321686,909.75"
"ADD,3596,BUY,4342815,911.15"
"ADD,3597,SELL,6175312,914.80"
"ADD,3598,BUY,4118581,920.30"
"CANCEL,3512"
"ADD,3599,BUY,4035417,928.55"
"ADD,3600,SELL,6534997,940.95"
"ADD,3601,SELL,5361502,942.35"
"ADD,3602,BUY,3588727,937.75"
"ADD,3603,SELL,6890028,949.00"
"ADD,3604,SELL,5084113,949.15"
"ADD,3605,SELL,4948895,922.95"
"CANCEL,1738"
"CANCEL,1705"
"CANCEL,1494"
"ADD,3606,BUY,20892838,971.50"
"ADD,3607,SELL,10298500,983.25"
"CANCEL,2699"
"ADD,3608,SELL,6249419,965.90"
"ADD,3609,BUY,4524605,964.50"
"CANCEL,1657"
"ADD,3610,SELL,5738209,961.30"
"ADD,3611,BUY,7554587,943.85"
"ADD,3612,SELL,13242095,904.35"
"ADD,3613,SELL,8773525,902.15"
"ADD,3614,BUY,11000567,892.10"
"ADD,3615,BUY,7100838,894.40"
"ADD,3616,SELL,6320734,904.55"
"ADD,3617,SELL,5294279,897.85"
"ADD,3618,BUY,5429792,915.50"
"ADD,3619,SELL,10170959,933.65"
"ADD,3620,SELL,6109454,935.65"
"ADD,3621,SELL,4401672,921.30"
"ADD,3622,SELL,4087936,927.00"
"CANCEL,2394"
"CANCEL,3099"
"ADD,3623,SELL,5118850,924.35"
"ADD,3624,SELL,4850839,934.25"
"CANCEL,1835"
"ADD,3625,BUY,6410097,950.50"
"ADD,3626,BUY,25898694,954.55"
"ADD,3627,SELL,4094652,948.40"
"CANCEL,3463"
"ADD,3628,SELL,7323680,910.85"
"ADD,3629,SELL,7247708,889.75"
"ADD,3630,BUY,6072983,911.45"
"CANCEL,2952"
"ADD,3631,BUY,3801407,930.30"
"ADD,3632,SELL,5096825,931.85"
"ADD,3633,BUY,6731530,929.05"
"ADD,3634,BUY,5811424,911.80"
"ADD,3635,SELL,14087564,900.05"
"ADD,3636,BUY,5774392,895.50"
"ADD,3637,BUY,6945721,889.80"
"ADD,3638,SELL,6727261,896.90"
"CANCEL,2827"
"ADD,3639,SELL,10729694,893.90"
"ADD,3640,BUY,6047262,901.10"
"ADD,3641,BUY,6939577,899.80"
"ADD,3642,SELL,8759586,882.70"
"ADD,3643,SELL,5712065,892.95"
"ADD,3644,BUY,6364728,899.55"
"ADD,3645,SELL,6498407,894.90"
"ADD,3646,SELL,3898676,908.20"
"CANCEL,893"
"CANCEL,536"
"CANCEL,3455"
"ADD,3647,BUY,6007539,930.85"
"ADD,3648,BUY,4947725,928.70"
"ADD,3649,BUY,5767984,938.85"
"ADD,3650,BUY,4084450,937.05"
"ADD,3651,SELL,4388713,944.25"
"ADD,3652,BUY,3365196,938.00"
"CANCEL,2811"
"ADD,3653,SELL,3349519,927.90"
"ADD,3654,BUY,3508515,936.00"
"ADD,3655,SELL,9107264,970.05"
"ADD,3656,BUY,6436620,970.50"
"CANCEL,1048"
"ADD,3657,SELL,11666267,996.30"
"CANCEL,3432"
"CANCEL,871"
"ADD,3658,SELL,3947546,961.60"
"ADD,3659,BUY,3795692,953.95"
"CANCEL,3108"
"ADD,3660,SELL,4934036,967.10"
"ADD,3661,BUY,4494423,976.70"
"ADD,3662,SELL,4014645,981.15"
"ADD,3663,SELL,4011516,989.25"
"ADD,3664,SELL,2579561,986.60"
"ADD,3665,SELL,4800923,978.95"
"ADD,3666,SELL,8613363,956.15"
"CANCEL,2453"
"ADD,3667,SELL,5230037,933.85"
"ADD,3668,SELL,6624893,931.35"
"ADD,3669,BUY,5170585,926.75"
"ADD,3670,SELL,4567562,912.25"
"ADD,3671,SELL,5317983,915.85"
"CANCEL,3178"
"ADD,3672,SELL,5197835,920.40"
"CANCEL,3374"
"ADD,3673,BUY,5991222,916.10"
"ADD,3674,BUY,16951801,921.35"
"CANCEL,1921"
"ADD,3675,SELL,5600357,940.85"
"ADD,3676,BUY,7971524,947.65"
"ADD,3677,SELL,4189483,954.40"
"ADD,3678,BUY,6857300,971.35"
"CANCEL,3536"
"ADD,3679,BUY,6866053,982.65"
"ADD,3680,BUY,7445221,997.15"
"ADD,3681,SELL,5926020,1002.50"
"ADD,3682,BUY,5484867,1007.95"
"ADD,3683,BUY,11294702,1014.20"
"ADD,3684,BUY,5652374,1015.55"
"ADD,3685,BUY,6346101,996.05"
"ADD,3686,SELL,7193824,1019.25"
"CANCEL,3680"
"ADD,3687,SELL,16169978,1012.50"
"ADD,3688,SELL,5197694,1004.45"
"ADD,3689,BUY,8068585,978.95"
"ADD,3690,BUY,8958555,965.85"
"ADD,3691,BUY,8581234,944.95"
"ADD,3692,BUY,7966401,972.45"
"CANCEL,1489"
"ADD,3693,SELL,5067261,971.30"
"ADD,3694,SELL,5000724,990.10"
"ADD,3695,BUY,18719353,964.50"
"CANCEL,1120"
"CANCEL,2515"
"ADD,3696,BUY,10444513,1025.70"
"ADD,3697,BUY,8665072,1038.80"
"ADD,3698,BUY,24109297,1082.35"
"ADD,3699,BUY,17967282,1099.80"
"ADD,3700,SELL,6595781,1076.20"
"ADD,3701,BUY,6469256,1092.35"
"ADD,3702,SELL,4682099,1092.55"
"ADD,3703,SELL,5433617,1104.85"
"ADD,3704,BUY,8018150,1128.65"
"ADD,3705,BUY,5842496,1120.30"
"CANCEL,750"
"ADD,3706,BUY,5949680,1115.15"
"ADD,3707,BUY,6424867,1110.65"
"CANCEL,2634"
"ADD,3708,SELL,13872467,1151.40"
"ADD,3709,BUY,13875377,1186.00"
"ADD,3710,SELL,9704295,1192.35"
"CANCEL,2342"
"CANCEL,2872"
"ADD,3711,SELL,4016418,1192.60"
"CANCEL,897"
"CANCEL,918"
"ADD,3712,SELL,6846928,1217.95"
"CANCEL,1639"
"ADD,3713,SELL,4668159,1187.70"
"ADD,3714,BUY,5299536,1210.60"
"ADD,3715,SELL,5982490,1200.80"
"ADD,3716,SELL,3830992,1203.75"
"ADD,3717,SELL,7607036,1234.90"
"ADD,3718,BUY,7279641,1247.20"
"ADD,3719,BUY,7968123,1269.45"
"CANCEL,1334"
"ADD,3720,SELL,5572177,1291.50"
"ADD,3721,BUY,8694751,1319.00"
"CANCEL,1938"
"ADD,3722,BUY,9850042,1274.45"
"CANCEL,1543"
"CANCEL,134"
"ADD,3723,BUY,8838770,1241.95"
"ADD,3724,SELL,10324923,1227.00"
"CANCEL,1025"
"ADD,3725,BUY,10692787,1278.60"
"ADD,3726,BUY,7059008,1255.85"
"ADD,3727,BUY,10874768,1237.70"
"ADD,3728,BUY,8065553,1252.50"
"ADD,3729,BUY,7878583,1253.15"
"CANCEL,2476"
"CANCEL,714"
"ADD,3730,SELL,11265786,1210.75"
"ADD,3731,BUY,19070172,1217.50"
"ADD,3732,SELL,10102589,1232.05"
"ADD,3733,BUY,9715020,1230.60"
"ADD,3734,BUY,6396828,1251.40"
"CANCEL,2590"
"ADD,3735,SELL,11073023,1257.95"
"CANCEL,360"
"ADD,3736,SELL,7376575,1205.10"
"CANCEL,2191"
"ADD,3737,BUY,21943190,1048.85"
"ADD,3738,BUY,24679428,1109.40"
"ADD,3739,BUY,10991196,1090.05"
"CANCEL,1563"
"CANCEL,1933"
"ADD,3740,BUY,9058536,1126.55"
"ADD,3741,SELL,8871776,1139.75"
"ADD,3742,SELL,7478601,1163.80"
"ADD,3743,BUY,12785646,1151.30"
"CANCEL,2050"
"ADD,3744,SELL,13165542,1062.65"
"ADD,3745,BUY,10573730,1054.70"
"ADD,3746,BUY,13655337,1045.75"
"ADD,3747,SELL,14096237,1030.80"
"ADD,3748,SELL,9182613,1044.90"
"ADD,3749,BUY,7671807,1087.80"
"ADD,3750,SELL,8806701,1057.00"
"CANCEL,1159"
"ADD,3751,BUY,9396027,1056.25"
"ADD,3752,BUY,16796200,1074.90"
"ADD,3753,SELL,7582518,1090.30"
"ADD,3754,SELL,8634266,1104.10"
"ADD,3755,SELL,1283997,1110.70"
"ADD,3756,BUY,10840462,1093.45"
"ADD,3757,SELL,5801720,1080.00"
"CANCEL,726"
"ADD,3758,BUY,7787530,1097.95"
"ADD,3759,SELL,6831740,1096.85"
"ADD,3760,SELL,11031889,1127.40"
"ADD,3761,SELL,7308981,1150.00"
"ADD,3762,BUY,5719901,1137.40"
"ADD,3763,BUY,7507812,1112.90"
"ADD,3764,BUY,5792568,1102.85"
"ADD,3765,SELL,6386556,1109.75"
"ADD,3766,SELL,6810228,1128.20"
"CANCEL,875"
"CANCEL,2739"
"ADD,3767,BUY,10717448,1167.55"
"ADD,3768,BUY,5569578,1156.45"
"CANCEL,2368"
"ADD,3769,SELL,5819618,1155.15"
"CANCEL,1762"
"ADD,3770,SELL,7214078,1133.80"
"ADD,3771,BUY,9381544,1090.25"
"ADD,3772,BUY,13494665,1097.55"
"ADD,3773,SELL,12605431,1110.50"
"ADD,3774,BUY,9297518,1107.05"
"ADD,3775,SELL,7221324,1112.20"
"CANCEL,173"
"ADD,3776,SELL,5870928,1136.40"
"ADD,3777,BUY,7368799,1136.80"
"CANCEL,1905"
"ADD,3778,SELL,8281941,1100.20"
"ADD,3779,SELL,4144535,1089.15"
"CANCEL,834"
"ADD,3780,BUY,12478000,1120.20"
"ADD,3781,SELL,7666016,1125.55"
"ADD,3782,BUY,7222817,1121.25"
"CANCEL,1018"
"ADD,3783,SELL,7144970,1106.40"
"ADD,3784,BUY,7446457,1092.75"
"ADD,3785,BUY,8465141,1098.65"
"ADD,3786,SELL,5513559,1104.75"
"ADD,3787,SELL,5625153,1104.65"
"CANCEL,1753"
"ADD,3788,SELL,4080283,1107.50"
"ADD,3789,SELL,6463903,1098.05"
"ADD,3790,SELL,4111782,1096.80"
"ADD,3791,SELL,10062875,1129.65"
"CANCEL,182"
"ADD,3792,BUY,7487963,1134.45"
"ADD,3793,BUY,25684142,1184.35"
"ADD,3794,SELL,22038534,1237.70"
"ADD,3795,SELL,16552819,1235.15"
"ADD,3796,SELL,8829502,1226.30"
"ADD,3797,BUY,13155185,1247.45"
"CANCEL,2429"
"CANCEL,1459"
"CANCEL,3059"
"ADD,3798,BUY,7846940,1195.70"
"ADD,3799,BUY,10185347,1227.15"
"CANCEL,819"
"ADD,3800,SELL,11670570,1290.90"
"ADD,3801,BUY,9362406,1291.55"
"ADD,3802,BUY,9411585,1310.25"
"ADD,3803,SELL,9212227,1290.40"
"ADD,3804,BUY,6505502,1277.70"
"ADD,3805,SELL,7523999,1253.25"
"ADD,3806,SELL,6399485,1256.40"
"ADD,3807,BUY,6964042,1245.95"
"ADD,3808,SELL,6627360,1224.20"
"CANCEL,1985"
"ADD,3809,BUY,9649017,1220.10"
"CANCEL,645"
"ADD,3810,SELL,6298179,1234.35"
"ADD,3811,SELL,10580178,1246.90"
"ADD,3812,BUY,8755865,1232.35"
"ADD,3813,BUY,7852528,1232.30"
"ADD,3814,BUY,10131050,1220.25"
"ADD,3815,SELL,11113182,1223.50"
"ADD,3816,SELL,11286916,1231.05"
"ADD,3817,BUY,7922513,1226.05"
"ADD,3818,BUY,7121509,1237.65"
"ADD,3819,SELL,12038231,1264.80"
"ADD,3820,BUY,8109259,1270.25"
"ADD,3821,BUY,6040052,1267.10"
"ADD,3822,SELL,9718840,1304.10"
"ADD,3823,SELL,11228736,1331.35"
"ADD,3824,BUY,11236048,1347.30"
"ADD,3825,BUY,10402048,1341.55"
"ADD,3826,BUY,15893093,1321.65"
"CANCEL,1349"
"ADD,3827,BUY,9805318,1376.55"
"ADD,3828,SELL,9892823,1375.45"
"ADD,3829,SELL,11465112,1341.75"
"ADD,3830,SELL,7951992,1324.45"
"ADD,3831,BUY,9479288,1367.25"
"ADD,3832,BUY,10094174,1349.25"
"ADD,3833,BUY,10482938,1360.00"
"ADD,3834,SELL,7699271,1363.25"
"ADD,3835,SELL,10098281,1391.85"
"ADD,3836,SELL,8012636,1389.70"
"CANCEL,549"
"ADD,3837,SELL,8375674,1353.05"
"ADD,3838,BUY,6728239,1353.90"
"ADD,3839,BUY,8723577,1329.25"
"ADD,3840,SELL,9497621,1334.45"
"ADD,3841,BUY,7612711,1331.40"
"ADD,3842,SELL,5741333,1346.80"
"ADD,3843,BUY,5919742,1343.10"
"ADD,3844,SELL,4245127,1340.15"
"CANCEL,3452"
"ADD,3845,SELL,17960482,1385.95"
"ADD,3846,BUY,10792748,1345.35"
"ADD,3847,SELL,9055300,1363.85"
"ADD,3848,SELL,7360887,1389.50"
"ADD,3849,SELL,13929820,1372.40"
"ADD,3850,SELL,6889444,1392.80"
"ADD,3851,BUY,10217019,1392.80"
"ADD,3852,SELL,8682505,1405.05"
"CANCEL,3035"
"CANCEL,1306"
"ADD,3853,SELL,8877095,1343.50"
"ADD,3854,SELL,14610543,1299.45"
"ADD,3855,BUY,19507368,1256.45"
"ADD,3856,SELL,11226831,1251.15"
"ADD,3857,BUY,8047801,1232.05"
"CANCEL,3641"
"ADD,3858,SELL,11163801,1256.90"
"ADD,3859,BUY,6606652,1265.35"
"ADD,3860,BUY,7898440,1267.40"
"ADD,3861,SELL,12333937,1325.90"
"ADD,3862,SELL,13872055,1339.80"
"ADD,3863,SELL,11287400,1340.40"
"ADD,3864,BUY,17722514,1333.90"
"CANCEL,502"
"ADD,3865,SELL,7349720,1310.65"
"ADD,3866,BUY,19472659,1323.75"
"ADD,3867,BUY,7112830,1313.05"
"ADD,3868,BUY,10740841,1329.75"
"ADD,3869,BUY,11760178,1330.15"
"ADD,3870,BUY,8483610,1360.20"
"ADD,3871,BUY,7059911,1351.65"
"ADD,3872,BUY,7664319,1327.35"
"ADD,3873,SELL,6730595,1314.90"
"ADD,3874,SELL,5380148,1319.15"
"ADD,3875,BUY,5253790,1329.15"
"ADD,3876,SELL,4707716,1332.15"
"ADD,3877,SELL,7171189,1327.25"
"ADD,3878,SELL,6831331,1317.55"
"ADD,3879,SELL,6815554,1282.30"
"ADD,3880,SELL,7679193,1281.00"
"ADD,3881,BUY,6625604,1277.35"
"ADD,3882,BUY,4914012,1296.75"
"ADD,3883,BUY,10623098,1279.50"
"ADD,3884,BUY,5150998,1262.40"
"ADD,3885,SELL,6842363,1295.85"
"ADD,3886,SELL,5299942,1294.15"
"ADD,3887,SELL,11385972,1274.15"
"ADD,3888,SELL,8659721,1253.10"
"CANCEL,3631"
"ADD,3889,SELL,4638751,1278.50"
"ADD,3890,SELL,4026032,1282.55"
"ADD,3891,BUY,4275148,1284.00"
"ADD,3892,SELL,4995344,1263.35"
"ADD,3893,SELL,6404544,1252.05"
"ADD,3894,BUY,8016757,1280.10"
"ADD,3895,BUY,5494315,1278.85"
"CANCEL,265"
"ADD,3896,SELL,7174054,1280.50"
"ADD,3897,SELL,4873164,1276.10"
"ADD,3898,BUY,4604019,1293.00"
"CANCEL,1976"
"CANCEL,3351"
"ADD,3899,SELL,7468515,1249.00"
"ADD,3900,BUY,13300153,1280.50"
"ADD,3901,SELL,9287951,1273.55"
"CANCEL,3857"
"CANCEL,770"
"ADD,3902,BUY,9320481,1213.80"
"ADD,3903,BUY,8058035,1210.95"
"ADD,3904,BUY,9533344,1180.90"
"ADD,3905,BUY,9705619,1166.25"
"ADD,3906,BUY,10344862,1180.25"
"ADD,3907,BUY,10865385,1184.35"
"ADD,3908,SELL,13897461,1143.35"
"ADD,3909,SELL,13288909,1128.30"
"ADD,3910,BUY,11588879,1109.40"
"ADD,3911,SELL,14262936,1152.35"
"ADD,3912,BUY,10043949,1162.10"
"CANCEL,1580"
"ADD,3913,SELL,14487137,1288.25"
"ADD,3914,SELL,10047496,1278.00"
"ADD,3915,BUY,7459859,1292.60"
"CANCEL,661"
"ADD,3916,BUY,4881553,1270.95"
"ADD,3917,SELL,6414937,1246.75"
"ADD,3918,BUY,9741262,1275.85"
"ADD,3919,BUY,8778739,1266.80"
"CANCEL,2233"
"ADD,3920,BUY,5305639,1263.30"
"ADD,3921,BUY,8635974,1241.75"
"CANCEL,2578"
"ADD,3922,BUY,8563009,1206.40"
"CANCEL,3694"
"ADD,3923,SELL,10512763,1198.60"
"ADD,3924,BUY,10600234,1222.50"
"ADD,3925,BUY,5370758,1222.20"
"ADD,3926,BUY,5544468,1234.40"
"ADD,3927,BUY,5431139,1210.35"
"CANCEL,846"
"ADD,3928,SELL,9393731,1210.75"
"CANCEL,1623"
"ADD,3929,SELL,6827281,1205.70"
"ADD,3930,SELL,6293454,1179.05"
"ADD,3931,BUY,22019674,1254.35"
"CANCEL,2618"
"CANCEL,1189"
"ADD,3932,BUY,8316894,1279.55"
"CANCEL,3128"
"ADD,3933,SELL,8712980,1309.05"
"ADD,3934,SELL,11549746,1332.25"
"CANCEL,3804"
"CANCEL,2348"
"ADD,3935,BUY,6853954,1308.10"
"ADD,3936,SELL,4599818,1310.10"
"ADD,3937,SELL,8040938,1324.75"
"ADD,3938,SELL,16003744,1362.75"
"ADD,3939,SELL,7587648,1352.60"
"ADD,3940,SELL,6123412,1358.00"
"ADD,3941,BUY,4422075,1364.15"
"ADD,3942,BUY,8870701,1372.35"
"ADD,3943,SELL,7332464,1396.50"
"ADD,3944,BUY,12856410,1416.35"
"ADD,3945,BUY,12703054,1414.15"
"ADD,3946,SELL,8432964,1392.40"
"CANCEL,2985"
"ADD,3947,BUY,6190013,1431.20"
"CANCEL,3903"
"ADD,3948,SELL,11780494,1467.05"
"ADD,3949,SELL,7470723,1479.10"
"ADD,3950,SELL,8898168,1464.35"
"ADD,3951,SELL,6356579,1456.90"
"CANCEL,3469"
"ADD,3952,BUY,5799318,1447.30"
"ADD,3953,SELL,6686289,1434.90"
"CANCEL,1672"
"ADD,3954,SELL,5494844,1445.50"
"ADD,3955,SELL,5192423,1427.80"
"ADD,3956,SELL,11532364,1472.30"
"ADD,3957,BUY,6518339,1462.75"
"ADD,3958,BUY,7173674,1470.85"
"ADD,3959,SELL,6435097,1459.20"
"ADD,3960,BUY,13795569,1509.75"
"ADD,3961,SELL,19904164,1547.65"
"ADD,3962,BUY,6810577,1537.60"
"ADD,3963,BUY,10218978,1546.50"
"ADD,3964,BUY,6924313,1561.55"
"ADD,3965,BUY,16152137,1560.25"
"ADD,3966,SELL,4408336,1569.85"
"ADD,3967,BUY,6284885,1580.30"
"ADD,3968,BUY,8484822,1551.15"
"ADD,3969,BUY,14275186,1586.50"
"ADD,3970,SELL,5938786,1578.90"
"CANCEL,3895"
"CANCEL,1844"
"ADD,3971,BUY,5982129,1554.90"
"ADD,3972,BUY,5779807,1572.60"
"CANCEL,1827"
"ADD,3973,SELL,5652698,1562.40"
"ADD,3974,BUY,4720977,1568.20"
"ADD,3975,SELL,5791522,1582.90"
"CANCEL,3720"
"ADD,3976,BUY,9291724,1562.70"
"ADD,3977,SELL,6739582,1575.85"
"CANCEL,1204"
"CANCEL,339"
"ADD,3978,BUY,11478429,1571.40"
"ADD,3979,BUY,8251144,1546.45"
"CANCEL,1736"
"ADD,3980,SELL,8081591,1542.35"
"ADD,3981,SELL,7828402,1544.20"
"CANCEL,2707"
"CANCEL,3872"
"ADD,3982,BUY,8096561,1535.30"
"ADD,3983,BUY,9593498,1537.15"
"ADD,3984,BUY,11209343,1501.50"
"ADD,3985,SELL,7627191,1524.60"
"ADD,3986,SELL,7336561,1513.15"
"ADD,3987,SELL,6849606,1548.00"
"ADD,3988,BUY,5704686,1547.65"
"ADD,3989,BUY,8358090,1543.70"
"ADD,3990,SELL,7230788,1529.40"
"ADD,3991,BUY,7231393,1523.85"
"ADD,3992,SELL,5873662,1537.90"
"ADD,3993,SELL,13469708,1581.00"
"CANCEL,1808"
"ADD,3994,BUY,8650831,1533.90"
"ADD,3995,BUY,4719245,1533.35"
"CANCEL,3909"
"ADD,3996,SELL,6687633,1521.55"
"ADD,3997,SELL,6120429,1506.55"
"ADD,3998,BUY,11215313,1471.75"
"ADD,3999,SELL,11313297,1479.85"
"ADD,4000,SELL,10241756,1443.75"
"ADD,4001,SELL,15886673,1411.65"
"CANCEL,3023"
"ADD,4002,BUY,14040626,1385.50"
"CANCEL,1745"
"ADD,4003,BUY,8444823,1448.50"
"ADD,4004,BUY,7103715,1457.80"
"ADD,4005,SELL,5581641,1433.65"
"ADD,4006,SELL,6922631,1435.60"
"ADD,4007,BUY,6400245,1452.75"
"ADD,4008,BUY,6187091,1470.30"
"CANCEL,2814"
"ADD,4009,BUY,9704655,1487.60"
"ADD,4010,SELL,6011340,1478.25"
"ADD,4011,SELL,5086964,1467.40"
"ADD,4012,BUY,6438918,1503.80"
"ADD,4013,BUY,7722577,1485.95"
"ADD,4014,SELL,9769743,1444.95"
"ADD,4015,BUY,12684109,1416.40"
"ADD,4016,SELL,13423661,1392.00"
"ADD,4017,SELL,11454300,1386.25"
"ADD,4018,SELL,17973847,1328.65"
"CANCEL,2242"
"ADD,4019,BUY,12525809,1342.85"
"ADD,4020,BUY,10105782,1339.70"
"ADD,4021,BUY,13948324,1311.15"
"CANCEL,3769"
"ADD,4022,BUY,40317808,1114.15"
"ADD,4023,SELL,27237627,1153.55"
"ADD,4024,BUY,25588170,1063.00"
"ADD,4025,SELL,33509757,1105.30"
"ADD,4026,SELL,17594729,1015.70"
"ADD,4027,BUY,20777442,1008.00"
"ADD,4028,SELL,20450497,968.50"
"CANCEL,2226"
"ADD,4029,BUY,28967526,1017.95"
"ADD,4030,SELL,18593713,884.05"
"CANCEL,3564"
"ADD,4031,BUY,33433126,1082.25"
"ADD,4032,SELL,20912934,1066.20"
"ADD,4033,SELL,19044644,1065.60"
"ADD,4034,SELL,13820286,1030.45"
"ADD,4035,BUY,20249909,1113.75"
"ADD,4036,BUY,19017099,1080.45"
"ADD,4037,SELL,18912044,1077.45"
"ADD,4038,SELL,24859057,1206.10"
"ADD,4039,SELL,22803774,1192.15"
"ADD,4040,BUY,15101711,1219.95"
"ADD,4041,BUY,10822871,1189.15"
"ADD,4042,SELL,16147959,1149.85"
"ADD,4043,SELL,17123533,1168.05"
"ADD,4044,BUY,15209707,1224.00"
"CANCEL,856"
"ADD,4045,SELL,28057706,1237.35"
"ADD,4046,SELL,65230894,1363.60"
"CANCEL,3585"
"ADD,4047,BUY,61711388,1417.00"
"ADD,4048,SELL,26736512,1429.75"
"CANCEL,3362"
"CANCEL,2597"
"ADD,4049,SELL,32617901,1466.00"
"ADD,4050,SELL,24439240,1435.20"
"ADD,4051,BUY,20528706,1460.65"
"ADD,4052,SELL,18510304,1460.75"
"CANCEL,3277"
"ADD,4053,BUY,38522385,1561.80"
"ADD,4054,BUY,30670404,1576.80"
"ADD,4055,BUY,46029119,1479.25"
"ADD,4056,BUY,30658051,1496.45"
"ADD,4057,SELL,22736714,1435.95"
"ADD,4058,BUY,28683432,1459.40"
"ADD,4059,BUY,28981620,1440.75"
"CANCEL,3610"
"ADD,4060,SELL,25530692,1433.70"
"CANCEL,883"
"ADD,4061,SELL,17458503,1431.55"
"ADD,4062,BUY,15330793,1424.05"
"CANCEL,2175"
"CANCEL,2746"
"ADD,4063,SELL,18471770,1464.40"
"ADD,4064,SELL,18434065,1520.35"
"ADD,4065,BUY,10224102,1535.70"
"ADD,4066,BUY,11713666,1541.65"
"ADD,4067,SELL,15784612,1579.80"
"ADD,4068,BUY,15270435,1581.70"
"ADD,4069,BUY,14498055,1569.50"
"ADD,4070,BUY,11934073,1537.15"
"ADD,4071,BUY,10214426,1572.15"
"ADD,4072,BUY,9408283,1537.70"
"ADD,4073,BUY,17790565,1588.80"
"CANCEL,4069"
"CANCEL,1556"
"ADD,4074,BUY,19282519,1615.35"
"ADD,4075,BUY,18677694,1655.90"
"ADD,4076,BUY,48828852,1759.40"
"ADD,4077,SELL,27781772,1746.15"
"ADD,4078,SELL,17521196,1720.90"
"ADD,4079,BUY,23808524,1727.85"
"CANCEL,3740"
"ADD,4080,SELL,14270695,1741.65"
"ADD,4081,SELL,11825126,1723.15"
"CANCEL,2996"
"ADD,4082,BUY,13136706,1737.60"
"ADD,4083,SELL,13286760,1760.35"
"CANCEL,2936"
"ADD,4084,SELL,21698149,1851.80"
"ADD,4085,BUY,16240102,1823.45"
"ADD,4086,BUY,12093523,1798.00"
"ADD,4087,BUY,16807403,1824.25"
"ADD,4088,BUY,20195490,1878.05"
"ADD,4089,SELL,32124397,1935.00"
"ADD,4090,SELL,31073591,1917.00"
"CANCEL,2976"
"ADD,4091,BUY,28133993,1843.40"
"ADD,4092,SELL,22949535,1911.70"
"ADD,4093,BUY,16887752,1919.90"
"CANCEL,3646"
"ADD,4094,BUY,27584769,2004.00"
"ADD,4095,SELL,26921058,2057.80"
"ADD,4096,BUY,55656793,2146.15"
"ADD,4097,SELL,37060949,2156.20"
"ADD,4098,SELL,25435618,2177.70"
"ADD,4099,BUY,33536361,2096.65"
"ADD,4100,BUY,33624516,2108.85"
"ADD,4101,BUY,34593375,2067.10"
"ADD,4102,BUY,21560137,2009.00"
"ADD,4103,SELL,42477225,2150.60"
"ADD,4104,BUY,34405886,2126.45"
"CANCEL,3723"
"ADD,4105,SELL,15222384,2146.45"
"ADD,4106,SELL,12441939,2119.85"
"ADD,4107,BUY,21611359,2133.80"
"ADD,4108,BUY,13967529,2127.60"
"ADD,4109,BUY,11459251,2122.05"
"CANCEL,3333"
"ADD,4110,BUY,14297224,2091.35"
"ADD,4111,BUY,14097932,2118.55"
"ADD,4112,BUY,15731409,2131.55"
"ADD,4113,BUY,10402292,2097.05"
"ADD,4114,BUY,11667281,2081.85"
"ADD,4115,BUY,15099030,2095.75"
"ADD,4116,SELL,8947709,2082.10"
"CANCEL,3373"
"ADD,4117,SELL,12962139,2110.60"
"ADD,4118,BUY,12537684,2116.15"
"ADD,4119,SELL,28649141,2080.70"
"CANCEL,2896"
"ADD,4120,BUY,12437209,2128.20"
"ADD,4121,BUY,8577741,2112.10"
"ADD,4122,BUY,13141705,2077.25"
"CANCEL,3953"
"CANCEL,2042"
"ADD,4123,SELL,25526055,2161.35"
"ADD,4124,SELL,64751766,2314.00"
"ADD,4125,SELL,27445883,2319.75"
"ADD,4126,BUY,20335480,2302.55"
"ADD,4127,BUY,12543161,2318.85"
"CANCEL,3132"
"ADD,4128,SELL,11919991,2298.75"
"ADD,4129,BUY,15264101,2305.70"
"CANCEL,537"
"ADD,4130,BUY,16056621,2211.15"
"ADD,4131,SELL,19839809,2230.80"
"CANCEL,2048"
"ADD,4132,SELL,13095950,2201.70"
"ADD,4133,BUY,9076787,2216.25"
"ADD,4134,SELL,11927459,2245.05"
"ADD,4135,BUY,11291280,2234.35"
"ADD,4136,SELL,9591467,2225.25"
"ADD,4137,BUY,8732890,2212.20"
"ADD,4138,BUY,8497352,2210.35"
"ADD,4139,SELL,24538620,2257.50"
"ADD,4140,SELL,9727508,2239.25"
"ADD,4141,BUY,8558747,2233.45"
"ADD,4142,SELL,6565525,2237.05"
"ADD,4143,SELL,10666280,2280.70"
"ADD,4144,SELL,12341487,2287.50"
"ADD,4145,SELL,9246893,2206.50"
"ADD,4146,SELL,9961080,2175.80"
"ADD,4147,BUY,14399062,2176.20"
"ADD,4148,BUY,8529621,2155.90"
"ADD,4149,SELL,15729989,2124.60"
"ADD,4150,BUY,14215255,2106.95"
"ADD,4151,SELL,10809383,2113.05"
"CANCEL,3094"
"ADD,4152,BUY,16835011,2034.50"
"ADD,4153,SELL,13810054,2011.45"
"ADD,4154,SELL,14147681,2026.90"
"ADD,4155,SELL,15701123,2054.50"
"ADD,4156,BUY,45857806,1877.45"
"ADD,4157,SELL,40931170,1850.40"
"ADD,4158,SELL,37003111,1913.20"
"CANCEL,3258"
"ADD,4159,SELL,30770080,2029.15"
"ADD,4160,BUY,16539467,2050.70"
"ADD,4161,SELL,17045147,2084.55"
"CANCEL,2586"
"CANCEL,3689"
"ADD,4162,BUY,20946864,1996.40"
"CANCEL,753"
"ADD,4163,SELL,21479385,1993.25"
"ADD,4164,SELL,14030652,1987.20"
"ADD,4165,BUY,12828008,1973.15"
"ADD,4166,SELL,26522972,1899.50"
"ADD,4167,SELL,20918665,1950.70"
"ADD,4168,BUY,14277083,1964.05"
"CANCEL,1860"
"ADD,4169,BUY,11924527,1952.60"
"CANCEL,2518"
"ADD,4170,BUY,9114939,1954.90"
"ADD,4171,SELL,10240168,1958.15"
"CANCEL,955"
"ADD,4172,BUY,8521388,1946.75"
"ADD,4173,BUY,8418767,1958.20"
"ADD,4174,BUY,20030506,1993.75"
"ADD,4175,SELL,13464375,2026.95"
"ADD,4176,SELL,7414229,2007.00"
"ADD,4177,BUY,12434745,2005.80"
"ADD,4178,BUY,7989830,1991.30"
"ADD,4179,SELL,8561406,1974.35"
"CANCEL,1370"
"ADD,4180,SELL,9346460,1985.60"
"CANCEL,2260"
"ADD,4181,SELL,20368545,1939.70"
"ADD,4182,BUY,12986606,1936.70"
"ADD,4183,SELL,8999898,1943.85"
"ADD,4184,SELL,9588577,1994.15"
"CANCEL,2850"
"ADD,4185,BUY,8589407,1990.05"
"ADD,4186,SELL,10173132,1995.50"
"ADD,4187,SELL,8667516,1985.30"
"ADD,4188,SELL,4622002,1987.50"
"ADD,4189,BUY,11312992,1990.85"
"ADD,4190,SELL,11132803,1966.10"
"ADD,4191,BUY,21414270,1914.25"
"ADD,4192,SELL,14918406,1911.15"
"ADD,4193,SELL,12709792,1933.70"
"ADD,4194,BUY,15371556,1897.25"
"ADD,4195,BUY,18996047,1957.05"
"ADD,4196,BUY,12284876,1938.80"
"CANCEL,2339"
"ADD,4197,BUY,9503790,1937.45"
"ADD,4198,SELL,16198856,1983.95"
"ADD,4199,SELL,14771048,2016.40"
"CANCEL,2797"
"ADD,4200,BUY,18038987,2099.40"
"ADD,4201,SELL,14090818,2049.60"
"CANCEL,1892"
"CANCEL,3710"
"ADD,4202,BUY,15722291,1876.55"
"ADD,4203,SELL,20173258,1841.95"
"ADD,4204,SELL,15774504,1895.30"
"ADD,4205,BUY,19138414,1925.80"
"ADD,4206,BUY,13984228,1930.65"
"CANCEL,3739"
"ADD,4207,BUY,9344470,1923.75"
"ADD,4208,BUY,9776136,1951.45"
"ADD,4209,SELL,9047308,1956.15"
"ADD,4210,SELL,9799560,1974.30"
"ADD,4211,SELL,19631870,2055.70"
"CANCEL,3442"
"CANCEL,2684"
"CANCEL,3756"
"ADD,4212,BUY,10957388,2083.25"
"ADD,4213,BUY,8605531,2067.70"
"ADD,4214,SELL,10800704,2080.30"
"ADD,4215,BUY,10985697,2008.10"
"ADD,4216,SELL,11834752,2023.45"
"ADD,4217,BUY,4987735,2061.00"
"ADD,4218,BUY,16085897,2144.35"
"CANCEL,4063"
"ADD,4219,SELL,8159670,2101.70"
"ADD,4220,SELL,7915073,2106.00"
"ADD,4221,BUY,14733134,2202.10"
"ADD,4222,SELL,9892597,2175.85"
"ADD,4223,BUY,11773630,2178.70"
"ADD,4224,BUY,9002404,2191.10"
"ADD,4225,SELL,6993792,2191.05"
"CANCEL,2404"
"ADD,4226,BUY,7783173,2137.60"
"ADD,4227,SELL,7706302,2108.90"
"CANCEL,1848"
"CANCEL,944"
"ADD,4228,SELL,9528809,2009.10"
"ADD,4229,BUY,19284892,2082.00"
"CANCEL,3285"
"ADD,4230,SELL,8039865,2087.50"
"ADD,4231,SELL,7763726,2047.30"
"ADD,4232,SELL,10153757,1991.45"
"CANCEL,1743"
"ADD,4233,BUY,9433850,2029.30"
"ADD,4234,BUY,7499740,2003.10"
"CANCEL,1200"
"ADD,4235,BUY,6864856,1992.60"
"ADD,4236,BUY,6465241,1984.30"
"ADD,4237,SELL,11198918,2002.85"
"ADD,4238,BUY,7092878,2005.35"
"ADD,4239,BUY,6478482,1982.05"
"ADD,4240,SELL,9646031,1911.15"
"ADD,4241,BUY,8958261,1931.80"
"ADD,4242,BUY,9102492,1944.30"
"ADD,4243,SELL,7225679,1932.10"
"CANCEL,780"
"ADD,4244,SELL,7939490,1901.15"
"ADD,4245,BUY,6687573,1906.40"
"CANCEL,3008"
"ADD,4246,SELL,9620785,1937.85"
"ADD,4247,BUY,9226547,1988.65"
"ADD,4248,BUY,7902002,1997.30"
"ADD,4249,BUY,8035915,2024.05"
"ADD,4250,BUY,9150974,1994.50"
